Educacion,Modalidad,Sexo,Situación laboral en 2019,Total,Porcentaje
Bachillerato,Ciencias / Ciencia y Tecnología,Hombres,Trabajando,30381,0.044779089236864446
Bachillerato,Ciencias / Ciencia y Tecnología,Hombres,En desempleo,7209,0.010625471653617583
Bachillerato,Ciencias / Ciencia y Tecnología,Hombres,Inactivo,19872,0.02928968965191963
Bachillerato,Humanidades y Ciencias Sociales,Hombres,Trabajando,23205,0.034202256862560135
Bachillerato,Humanidades y Ciencias Sociales,Hombres,En desempleo,7417,0.010932046505046695
Bachillerato,Humanidades y Ciencias Sociales,Hombres,Inactivo,13293,0.019592786057919063
Bachillerato,Artes,Hombres,Trabajando,1537,0.002265411281954533
Bachillerato,Artes,Hombres,En desempleo,820,0.0012086123950570701
Bachillerato,Artes,Hombres,Inactivo,654,0.0009639420809357608
Bachillerato,Ciencias / Ciencia y Tecnología,Mujeres,Trabajando,27498,0.040529784925950385
Bachillerato,Ciencias / Ciencia y Tecnología,Mujeres,En desempleo,7264,0.010706537119139704
Bachillerato,Ciencias / Ciencia y Tecnología,Mujeres,Inactivo,18395,0.027112713423261957
Bachillerato,Humanidades y Ciencias Sociales,Mujeres,Trabajando,39125,0.057667024337326664
Bachillerato,Humanidades y Ciencias Sociales,Mujeres,En desempleo,11709,0.017258100650881993
Bachillerato,Humanidades y Ciencias Sociales,Mujeres,Inactivo,18368,0.02707291764927837
Bachillerato,Artes,Mujeres,Trabajando,3794,0.0055920432034713705
Bachillerato,Artes,Mujeres,En desempleo,1365,0.0020118974625035375
Bachillerato,Artes,Mujeres,Inactivo,1377,0.002029584473162909
Ciclo Medio,01 - AGRARIA,Hombres,Trabajando,1451,0.002138654372229035
Ciclo Medio,01 - AGRARIA,Mujeres,Trabajando,184,0.0002712008301103669
Ciclo Medio,01 - AGRARIA,Hombres,En desempleo,191,0.00028151825299500046
Ciclo Medio,01 - AGRARIA,Mujeres,En desempleo,65,9.580464107159702e-05
Ciclo Medio,01 - AGRARIA,Hombres,Inactivo,179,0.00026383124233562874
Ciclo Medio,01 - AGRARIA,Mujeres,Inactivo,42,6.190453730780115e-05
Ciclo Medio,02 - MARÍTIMO-PESQUERA,Hombres,Trabajando,456,0.0006721064050561268
Ciclo Medio,02 - MARÍTIMO-PESQUERA,Mujeres,Trabajando,21,3.0952268653900576e-05
Ciclo Medio,02 - MARÍTIMO-PESQUERA,Hombres,En desempleo,69,0.00010170031129138761
Ciclo Medio,02 - MARÍTIMO-PESQUERA,Mujeres,En desempleo,10,1.4739175549476464e-05
Ciclo Medio,02 - MARÍTIMO-PESQUERA,Hombres,Inactivo,42,6.190453730780115e-05
Ciclo Medio,02 - MARÍTIMO-PESQUERA,Mujeres,Inactivo,5,7.369587774738232e-06
Ciclo Medio,03 - INDUSTRIAS ALIMENTARIAS,Hombres,Trabajando,425,0.0006264149608527497
Ciclo Medio,03 - INDUSTRIAS ALIMENTARIAS,Mujeres,Trabajando,423,0.0006234671257428544
Ciclo Medio,03 - INDUSTRIAS ALIMENTARIAS,Hombres,En desempleo,70,0.00010317422884633525
Ciclo Medio,03 - INDUSTRIAS ALIMENTARIAS,Mujeres,En desempleo,108,0.0001591830959343458
Ciclo Medio,03 - INDUSTRIAS ALIMENTARIAS,Hombres,Inactivo,58,8.54872181869635e-05
Ciclo Medio,03 - INDUSTRIAS ALIMENTARIAS,Mujeres,Inactivo,104,0.00015328742571455524
Ciclo Medio,04 - QUÍMICA,Hombres,Trabajando,257,0.00037879681162154513
Ciclo Medio,04 - QUÍMICA,Mujeres,Trabajando,340,0.0005011319686821998
Ciclo Medio,04 - QUÍMICA,Hombres,En desempleo,70,0.00010317422884633525
Ciclo Medio,04 - QUÍMICA,Mujeres,En desempleo,98,0.00014444392038486935
Ciclo Medio,04 - QUÍMICA,Hombres,Inactivo,49,7.222196019243468e-05
Ciclo Medio,04 - QUÍMICA,Mujeres,Inactivo,66,9.727855862654467e-05
Ciclo Medio,05 - IMAGEN PERSONAL,Hombres,Trabajando,231,0.00034047495519290633
Ciclo Medio,05 - IMAGEN PERSONAL,Mujeres,Trabajando,4495,0.006625259409489671
Ciclo Medio,05 - IMAGEN PERSONAL,Hombres,En desempleo,55,8.106546552212055e-05
Ciclo Medio,05 - IMAGEN PERSONAL,Mujeres,En desempleo,1092,0.00160951797000283
Ciclo Medio,05 - IMAGEN PERSONAL,Hombres,Inactivo,6,8.843505329685878e-06
Ciclo Medio,05 - IMAGEN PERSONAL,Mujeres,Inactivo,787,0.0011599731157437977
Ciclo Medio,06 - SANIDAD,Hombres,Trabajando,4731,0.006973103952457316
Ciclo Medio,06 - SANIDAD,Mujeres,Trabajando,13617,0.020070335345722102
Ciclo Medio,06 - SANIDAD,Hombres,En desempleo,393,0.0005792495990944251
Ciclo Medio,06 - SANIDAD,Mujeres,En desempleo,2053,0.003025952740307518
Ciclo Medio,06 - SANIDAD,Hombres,Inactivo,561,0.0008268677483256297
Ciclo Medio,06 - SANIDAD,Mujeres,Inactivo,1920,0.0028299217054994813
Ciclo Medio,08 - FABRICACIÓN MECÁNICA,Hombres,Trabajando,2679,0.003948625129704745
Ciclo Medio,08 - FABRICACIÓN MECÁNICA,Mujeres,Trabajando,57,8.401330063201585e-05
Ciclo Medio,08 - FABRICACIÓN MECÁNICA,Hombres,En desempleo,337,0.0004967102160173568
Ciclo Medio,08 - FABRICACIÓN MECÁNICA,Mujeres,En desempleo,7,1.0317422884633525e-05
Ciclo Medio,08 - FABRICACIÓN MECÁNICA,Hombres,Inactivo,172,0.0002535138194509952
Ciclo Medio,08 - FABRICACIÓN MECÁNICA,Mujeres,Inactivo,18,2.6530515989057635e-05
Ciclo Medio,09 - INSTALACIÓN Y MANTENIMIENTO,Hombres,Trabajando,2693,0.003969259975474012
Ciclo Medio,09 - INSTALACIÓN Y MANTENIMIENTO,Mujeres,Trabajando,25,3.684793887369116e-05
Ciclo Medio,09 - INSTALACIÓN Y MANTENIMIENTO,Hombres,En desempleo,277,0.0004082751627204981
Ciclo Medio,09 - INSTALACIÓN Y MANTENIMIENTO,Mujeres,En desempleo,0,0.0
Ciclo Medio,09 - INSTALACIÓN Y MANTENIMIENTO,Hombres,Inactivo,113,0.00016655268370908405
Ciclo Medio,09 - INSTALACIÓN Y MANTENIMIENTO,Mujeres,Inactivo,6,8.843505329685878e-06
Ciclo Medio,10 - ELECTRICIDAD Y ELECTRÓNICA,Hombres,Trabajando,6123,0.00902479718894444
Ciclo Medio,10 - ELECTRICIDAD Y ELECTRÓNICA,Mujeres,Trabajando,121,0.00017834402414866523
Ciclo Medio,10 - ELECTRICIDAD Y ELECTRÓNICA,Hombres,En desempleo,939,0.00138400858409584
Ciclo Medio,10 - ELECTRICIDAD Y ELECTRÓNICA,Mujeres,En desempleo,22,3.2426186208848224e-05
Ciclo Medio,10 - ELECTRICIDAD Y ELECTRÓNICA,Hombres,Inactivo,845,0.0012454603339307612
Ciclo Medio,10 - ELECTRICIDAD Y ELECTRÓNICA,Mujeres,Inactivo,14,2.063484576926705e-05
Ciclo Medio,12 - TRANSPORTE Y MANTENIMIENTO DE VEHÍCULOS,Hombres,Trabajando,6079,0.008959944816526743
Ciclo Medio,12 - TRANSPORTE Y MANTENIMIENTO DE VEHÍCULOS,Mujeres,Trabajando,95,0.0001400221677200264
Ciclo Medio,12 - TRANSPORTE Y MANTENIMIENTO DE VEHÍCULOS,Hombres,En desempleo,640,0.0009433072351664937
Ciclo Medio,12 - TRANSPORTE Y MANTENIMIENTO DE VEHÍCULOS,Mujeres,En desempleo,20,2.9478351098952928e-05
Ciclo Medio,12 - TRANSPORTE Y MANTENIMIENTO DE VEHÍCULOS,Hombres,Inactivo,533,0.0007855980567870955
Ciclo Medio,12 - TRANSPORTE Y MANTENIMIENTO DE VEHÍCULOS,Mujeres,Inactivo,0,0.0
Ciclo Medio,"16 - MADERA, MUEBLE Y CORCHO",Hombres,Trabajando,479,0.0007060065088199226
Ciclo Medio,"16 - MADERA, MUEBLE Y CORCHO",Mujeres,Trabajando,19,2.8004433544005283e-05
Ciclo Medio,"16 - MADERA, MUEBLE Y CORCHO",Hombres,En desempleo,113,0.00016655268370908405
Ciclo Medio,"16 - MADERA, MUEBLE Y CORCHO",Mujeres,En desempleo,6,8.843505329685878e-06
Ciclo Medio,"16 - MADERA, MUEBLE Y CORCHO",Hombres,Inactivo,50,7.369587774738232e-05
Ciclo Medio,"16 - MADERA, MUEBLE Y CORCHO",Mujeres,Inactivo,6,8.843505329685878e-06
Ciclo Medio,18 - ARTES GRÁFICAS,Hombres,Trabajando,414,0.0006102018677483257
Ciclo Medio,18 - ARTES GRÁFICAS,Mujeres,Trabajando,263,0.000387640316951231
Ciclo Medio,18 - ARTES GRÁFICAS,Hombres,En desempleo,90,0.0001326525799452882
Ciclo Medio,18 - ARTES GRÁFICAS,Mujeres,En desempleo,79,0.00011643948684086406
Ciclo Medio,18 - ARTES GRÁFICAS,Hombres,Inactivo,64,9.433072351664937e-05
Ciclo Medio,18 - ARTES GRÁFICAS,Mujeres,Inactivo,24,3.5374021318743514e-05
Ciclo Medio,19 - IMAGEN Y SONIDO,Hombres,Trabajando,424,0.0006249410432978021
Ciclo Medio,19 - IMAGEN Y SONIDO,Mujeres,Trabajando,424,0.0006249410432978021
Ciclo Medio,19 - IMAGEN Y SONIDO,Hombres,En desempleo,76,0.00011201773417602113
Ciclo Medio,19 - IMAGEN Y SONIDO,Mujeres,En desempleo,103,0.0001518135081596076
Ciclo Medio,19 - IMAGEN Y SONIDO,Hombres,Inactivo,87,0.00012823082728044525
Ciclo Medio,19 - IMAGEN Y SONIDO,Mujeres,Inactivo,67,9.875247618149231e-05
Ciclo Medio,20 - INFORMÁTICA Y COMUNICACIONES,Hombres,Trabajando,4382,0.0064587067257805865
Ciclo Medio,20 - INFORMÁTICA Y COMUNICACIONES,Mujeres,Trabajando,400,0.0005895670219790586
Ciclo Medio,20 - INFORMÁTICA Y COMUNICACIONES,Hombres,En desempleo,639,0.0009418333176115461
Ciclo Medio,20 - INFORMÁTICA Y COMUNICACIONES,Mujeres,En desempleo,182,0.00026825299500047163
Ciclo Medio,20 - INFORMÁTICA Y COMUNICACIONES,Hombres,Inactivo,859,0.0012660951797000284
Ciclo Medio,20 - INFORMÁTICA Y COMUNICACIONES,Mujeres,Inactivo,34,5.011319686821998e-05
Ciclo Medio,21 - ADMINISTRACIÓN Y GESTIÓN,Hombres,Trabajando,2817,0.00415202575228752
Ciclo Medio,21 - ADMINISTRACIÓN Y GESTIÓN,Mujeres,Trabajando,6314,0.009306315441939439
Ciclo Medio,21 - ADMINISTRACIÓN Y GESTIÓN,Hombres,En desempleo,776,0.0011437600226393736
Ciclo Medio,21 - ADMINISTRACIÓN Y GESTIÓN,Mujeres,En desempleo,1851,0.0027282213942080935
Ciclo Medio,21 - ADMINISTRACIÓN Y GESTIÓN,Hombres,Inactivo,439,0.0006470498066220168
Ciclo Medio,21 - ADMINISTRACIÓN Y GESTIÓN,Mujeres,Inactivo,1047,0.0015431916800301858
Ciclo Medio,22 - COMERCIO Y MARKETING,Hombres,Trabajando,1195,0.0017613314781624375
Ciclo Medio,22 - COMERCIO Y MARKETING,Mujeres,Trabajando,1813,0.002672212527120083
Ciclo Medio,22 - COMERCIO Y MARKETING,Hombres,En desempleo,343,0.0005055537213470427
Ciclo Medio,22 - COMERCIO Y MARKETING,Mujeres,En desempleo,656,0.0009668899160456561
Ciclo Medio,22 - COMERCIO Y MARKETING,Hombres,Inactivo,271,0.0003994316573908122
Ciclo Medio,22 - COMERCIO Y MARKETING,Mujeres,Inactivo,490,0.0007222196019243468
Ciclo Medio,23 - SERVICIOS SOCIOCULTURALES Y A LA COMUNIDAD,Hombres,Trabajando,571,0.0008416069238751061
Ciclo Medio,23 - SERVICIOS SOCIOCULTURALES Y A LA COMUNIDAD,Mujeres,Trabajando,3510,0.005173450617866239
Ciclo Medio,23 - SERVICIOS SOCIOCULTURALES Y A LA COMUNIDAD,Hombres,En desempleo,106,0.00015623526082445054
Ciclo Medio,23 - SERVICIOS SOCIOCULTURALES Y A LA COMUNIDAD,Mujeres,En desempleo,1010,0.001488656730497123
Ciclo Medio,23 - SERVICIOS SOCIOCULTURALES Y A LA COMUNIDAD,Hombres,Inactivo,84,0.0001238090746156023
Ciclo Medio,23 - SERVICIOS SOCIOCULTURALES Y A LA COMUNIDAD,Mujeres,Inactivo,688,0.0010140552778039808
Ciclo Medio,24 - HOSTELERÍA Y TURISMO,Hombres,Trabajando,1943,0.002863821809263277
Ciclo Medio,24 - HOSTELERÍA Y TURISMO,Mujeres,Trabajando,1343,0.0019794712762946894
Ciclo Medio,24 - HOSTELERÍA Y TURISMO,Hombres,En desempleo,515,0.000759067540798038
Ciclo Medio,24 - HOSTELERÍA Y TURISMO,Mujeres,En desempleo,280,0.000412696915385341
Ciclo Medio,24 - HOSTELERÍA Y TURISMO,Hombres,Inactivo,302,0.00044512310159418924
Ciclo Medio,24 - HOSTELERÍA Y TURISMO,Mujeres,Inactivo,255,0.00037584897651164983
Ciclo Medio,25 - ACTIVIDADES FÍSICAS Y DEPORTIVAS,Hombres,Trabajando,1452,0.0021401282897839827
Ciclo Medio,25 - ACTIVIDADES FÍSICAS Y DEPORTIVAS,Mujeres,Trabajando,330,0.00048639279313272333
Ciclo Medio,25 - ACTIVIDADES FÍSICAS Y DEPORTIVAS,Hombres,En desempleo,367,0.0005409277426657863
Ciclo Medio,25 - ACTIVIDADES FÍSICAS Y DEPORTIVAS,Mujeres,En desempleo,112,0.0001650787661541364
Ciclo Medio,25 - ACTIVIDADES FÍSICAS Y DEPORTIVAS,Hombres,Inactivo,485,0.0007148500141496085
Ciclo Medio,25 - ACTIVIDADES FÍSICAS Y DEPORTIVAS,Mujeres,Inactivo,84,0.0001238090746156023
Ciclo Medio,"14 - EDIFICACIÓN Y OBRA CIVIL 15 - VIDRIO Y CERÁMICA 17 - TEXTIL, CONFECCIÓN Y PIEL",Hombres,Trabajando,141,0.00020782237524761814
Ciclo Medio,"14 - EDIFICACIÓN Y OBRA CIVIL 15 - VIDRIO Y CERÁMICA 17 - TEXTIL, CONFECCIÓN Y PIEL",Mujeres,Trabajando,144,0.00021224412791246108
Ciclo Medio,"14 - EDIFICACIÓN Y OBRA CIVIL 15 - VIDRIO Y CERÁMICA 17 - TEXTIL, CONFECCIÓN Y PIEL",Hombres,En desempleo,23,3.3900103763795866e-05
Ciclo Medio,"14 - EDIFICACIÓN Y OBRA CIVIL 15 - VIDRIO Y CERÁMICA 17 - TEXTIL, CONFECCIÓN Y PIEL",Mujeres,En desempleo,35,5.158711442316762e-05
Ciclo Medio,"14 - EDIFICACIÓN Y OBRA CIVIL 15 - VIDRIO Y CERÁMICA 17 - TEXTIL, CONFECCIÓN Y PIEL",Hombres,Inactivo,10,1.4739175549476464e-05
Ciclo Medio,"14 - EDIFICACIÓN Y OBRA CIVIL 15 - VIDRIO Y CERÁMICA 17 - TEXTIL, CONFECCIÓN Y PIEL",Mujeres,Inactivo,24,3.5374021318743514e-05
Ciclo Superior,01 - AGRARIA,Hombres,Trabajando,1196,0.0017628053957173852
Ciclo Superior,01 - AGRARIA,Hombres,En desempleo,163,0.00024024856145646637
Ciclo Superior,01 - AGRARIA,Hombres,Inactivo,153,0.00022550938590698992
Ciclo Superior,02 - MARÍTIMO-PESQUERA,Hombres,Trabajando,502,0.0007399066125837185
Ciclo Superior,02 - MARÍTIMO-PESQUERA,Hombres,En desempleo,57,8.401330063201585e-05
Ciclo Superior,02 - MARÍTIMO-PESQUERA,Hombres,Inactivo,51,7.516979530232997e-05
Ciclo Superior,03 - INDUSTRIAS ALIMENTARIAS,Hombres,Trabajando,232,0.000341948872747854
Ciclo Superior,03 - INDUSTRIAS ALIMENTARIAS,Hombres,En desempleo,19,2.8004433544005283e-05
Ciclo Superior,03 - INDUSTRIAS ALIMENTARIAS,Hombres,Inactivo,6,8.843505329685878e-06
Ciclo Superior,04 - QUÍMICA,Hombres,Trabajando,667,0.0009831030091500801
Ciclo Superior,04 - QUÍMICA,Hombres,En desempleo,70,0.00010317422884633525
Ciclo Superior,04 - QUÍMICA,Hombres,Inactivo,69,0.00010170031129138761
Ciclo Superior,05 - IMAGEN PERSONAL,Hombres,Trabajando,47,6.927412508253938e-05
Ciclo Superior,05 - IMAGEN PERSONAL,Hombres,En desempleo,7,1.0317422884633525e-05
Ciclo Superior,05 - IMAGEN PERSONAL,Hombres,Inactivo,2,2.947835109895293e-06
Ciclo Superior,06 - SANIDAD,Hombres,Trabajando,2957,0.00435837420998019
Ciclo Superior,06 - SANIDAD,Hombres,En desempleo,418,0.0006160975379681163
Ciclo Superior,06 - SANIDAD,Hombres,Inactivo,422,0.0006219932081879068
Ciclo Superior,07 - SEGURIDAD Y MEDIO AMBIENTE,Hombres,Trabajando,1118,0.0016478398264314687
Ciclo Superior,07 - SEGURIDAD Y MEDIO AMBIENTE,Hombres,En desempleo,214,0.0003154183567587963
Ciclo Superior,07 - SEGURIDAD Y MEDIO AMBIENTE,Hombres,Inactivo,124,0.00018276577681350815
Ciclo Superior,08 - FABRICACIÓN MECÁNICA,Hombres,Trabajando,2111,0.003111439958494482
Ciclo Superior,08 - FABRICACIÓN MECÁNICA,Hombres,En desempleo,215,0.00031689227431374396
Ciclo Superior,08 - FABRICACIÓN MECÁNICA,Hombres,Inactivo,68,0.00010022639373643996
Ciclo Superior,09 - INSTALACIÓN Y MANTENIMIENTO,Hombres,Trabajando,2230,0.0032868361475332517
Ciclo Superior,09 - INSTALACIÓN Y MANTENIMIENTO,Hombres,En desempleo,173,0.00025498773700594285
Ciclo Superior,09 - INSTALACIÓN Y MANTENIMIENTO,Hombres,Inactivo,85,0.00012528299217054995
Ciclo Superior,10 - ELECTRICIDAD Y ELECTRÓNICA,Hombres,Trabajando,6604,0.009733751532874257
Ciclo Superior,10 - ELECTRICIDAD Y ELECTRÓNICA,Hombres,En desempleo,560,0.000825393830770682
Ciclo Superior,10 - ELECTRICIDAD Y ELECTRÓNICA,Hombres,Inactivo,469,0.0006912673332704461
Ciclo Superior,11 - ENERGÍA Y AGUA,Hombres,Trabajando,574,0.000846028676539949
Ciclo Superior,11 - ENERGÍA Y AGUA,Hombres,En desempleo,66,9.727855862654467e-05
Ciclo Superior,11 - ENERGÍA Y AGUA,Hombres,Inactivo,61,8.990897085180644e-05
Ciclo Superior,12 - TRANSPORTE Y MANTENIMIENTO DE VEHÍCULOS,Hombres,Trabajando,2883,0.004249304310914065
Ciclo Superior,12 - TRANSPORTE Y MANTENIMIENTO DE VEHÍCULOS,Hombres,En desempleo,241,0.0003552141307423828
Ciclo Superior,12 - TRANSPORTE Y MANTENIMIENTO DE VEHÍCULOS,Hombres,Inactivo,184,0.0002712008301103669
Ciclo Superior,14 - EDIFICACIÓN Y OBRA CIVIL,Hombres,Trabajando,939,0.00138400858409584
Ciclo Superior,14 - EDIFICACIÓN Y OBRA CIVIL,Hombres,En desempleo,143,0.00021077021035751343
Ciclo Superior,14 - EDIFICACIÓN Y OBRA CIVIL,Hombres,Inactivo,151,0.00022256155079709462
Ciclo Superior,18 - ARTES GRÁFICAS,Hombres,Trabajando,272,0.00040090557494575985
Ciclo Superior,18 - ARTES GRÁFICAS,Hombres,En desempleo,94,0.00013854825016507876
Ciclo Superior,18 - ARTES GRÁFICAS,Hombres,Inactivo,24,3.5374021318743514e-05
Ciclo Superior,19 - IMAGEN Y SONIDO,Hombres,Trabajando,2035,0.0029994222243184604
Ciclo Superior,19 - IMAGEN Y SONIDO,Hombres,En desempleo,439,0.0006470498066220168
Ciclo Superior,19 - IMAGEN Y SONIDO,Hombres,Inactivo,205,0.00030215309876426754
Ciclo Superior,20 - INFORMÁTICA Y COMUNICACIONES,Hombres,Trabajando,6442,0.009494976888972738
Ciclo Superior,20 - INFORMÁTICA Y COMUNICACIONES,Hombres,En desempleo,710,0.001046481464012829
Ciclo Superior,20 - INFORMÁTICA Y COMUNICACIONES,Hombres,Inactivo,539,0.0007944415621167814
Ciclo Superior,21 - ADMINISTRACIÓN Y GESTIÓN,Hombres,Trabajando,4222,0.006222879916988964
Ciclo Superior,21 - ADMINISTRACIÓN Y GESTIÓN,Hombres,En desempleo,767,0.0011304947646448447
Ciclo Superior,21 - ADMINISTRACIÓN Y GESTIÓN,Hombres,Inactivo,405,0.0005969366097537968
Ciclo Superior,22 - COMERCIO Y MARKETING,Hombres,Trabajando,2922,0.004306787095557023
Ciclo Superior,22 - COMERCIO Y MARKETING,Hombres,En desempleo,257,0.00037879681162154513
Ciclo Superior,22 - COMERCIO Y MARKETING,Hombres,Inactivo,208,0.0003065748514291105
Ciclo Superior,23 - SERVICIOS SOCIOCULTURALES Y A LA COMUNIDAD,Hombres,Trabajando,1568,0.0023111027261579096
Ciclo Superior,23 - SERVICIOS SOCIOCULTURALES Y A LA COMUNIDAD,Hombres,En desempleo,278,0.00040974908027544574
Ciclo Superior,23 - SERVICIOS SOCIOCULTURALES Y A LA COMUNIDAD,Hombres,Inactivo,138,0.00020340062258277522
Ciclo Superior,24 - HOSTELERÍA Y TURISMO,Hombres,Trabajando,1655,0.0024393335534383547
Ciclo Superior,24 - HOSTELERÍA Y TURISMO,Hombres,En desempleo,305,0.0004495448542590322
Ciclo Superior,24 - HOSTELERÍA Y TURISMO,Hombres,Inactivo,276,0.00040680124516555044
Ciclo Superior,25 - ACTIVIDADES FÍSICAS Y DEPORTIVAS,Hombres,Trabajando,4087,0.006023901047071031
Ciclo Superior,25 - ACTIVIDADES FÍSICAS Y DEPORTIVAS,Hombres,En desempleo,310,0.0004569144420337704
Ciclo Superior,25 - ACTIVIDADES FÍSICAS Y DEPORTIVAS,Hombres,Inactivo,818,0.0012056645599471747
Ciclo Superior,"15 - VIDRIO Y CERÁMICA 16 - MADERA, MUEBLE Y CORCHO 17 - TEXTIL, CONFECCIÓN Y PIEL 26 - ARTES Y ARTESANÍAS",Hombres,Trabajando,202,0.0002977313460994246
Ciclo Superior,"15 - VIDRIO Y CERÁMICA 16 - MADERA, MUEBLE Y CORCHO 17 - TEXTIL, CONFECCIÓN Y PIEL 26 - ARTES Y ARTESANÍAS",Hombres,En desempleo,27,3.979577398358645e-05
Ciclo Superior,"15 - VIDRIO Y CERÁMICA 16 - MADERA, MUEBLE Y CORCHO 17 - TEXTIL, CONFECCIÓN Y PIEL 26 - ARTES Y ARTESANÍAS",Hombres,Inactivo,12,1.7687010659371757e-05
Ciclo Superior,01 - AGRARIA,Mujeres,Trabajando,242,0.00035668804829733046
Ciclo Superior,01 - AGRARIA,Mujeres,En desempleo,70,0.00010317422884633525
Ciclo Superior,01 - AGRARIA,Mujeres,Inactivo,45,6.63262899726441e-05
Ciclo Superior,02 - MARÍTIMO-PESQUERA,Mujeres,Trabajando,38,5.600886708801057e-05
Ciclo Superior,02 - MARÍTIMO-PESQUERA,Mujeres,En desempleo,12,1.7687010659371757e-05
Ciclo Superior,02 - MARÍTIMO-PESQUERA,Mujeres,Inactivo,6,8.843505329685878e-06
Ciclo Superior,03 - INDUSTRIAS ALIMENTARIAS,Mujeres,Trabajando,199,0.00029330959343458165
Ciclo Superior,03 - INDUSTRIAS ALIMENTARIAS,Mujeres,En desempleo,43,6.33784548627488e-05
Ciclo Superior,03 - INDUSTRIAS ALIMENTARIAS,Mujeres,Inactivo,19,2.8004433544005283e-05
Ciclo Superior,04 - QUÍMICA,Mujeres,Trabajando,703,0.0010361640411281955
Ciclo Superior,04 - QUÍMICA,Mujeres,En desempleo,130,0.00019160928214319404
Ciclo Superior,04 - QUÍMICA,Mujeres,Inactivo,77,0.00011349165173096878
Ciclo Superior,05 - IMAGEN PERSONAL,Mujeres,Trabajando,1699,0.0025041859258560515
Ciclo Superior,05 - IMAGEN PERSONAL,Mujeres,En desempleo,312,0.00045986227714366567
Ciclo Superior,05 - IMAGEN PERSONAL,Mujeres,Inactivo,192,0.0002829921705499481
Ciclo Superior,06 - SANIDAD,Mujeres,Trabajando,8451,0.01245607725686256
Ciclo Superior,06 - SANIDAD,Mujeres,En desempleo,1373,0.0020236888029431187
Ciclo Superior,06 - SANIDAD,Mujeres,Inactivo,1644,0.0024231204603339307
Ciclo Superior,07 - SEGURIDAD Y MEDIO AMBIENTE,Mujeres,Trabajando,1039,0.0015314003395906046
Ciclo Superior,07 - SEGURIDAD Y MEDIO AMBIENTE,Mujeres,En desempleo,163,0.00024024856145646637
Ciclo Superior,07 - SEGURIDAD Y MEDIO AMBIENTE,Mujeres,Inactivo,80,0.00011791340439581171
Ciclo Superior,08 - FABRICACIÓN MECÁNICA,Mujeres,Trabajando,183,0.0002697269125554193
Ciclo Superior,08 - FABRICACIÓN MECÁNICA,Mujeres,En desempleo,10,1.4739175549476464e-05
Ciclo Superior,08 - FABRICACIÓN MECÁNICA,Mujeres,Inactivo,19,2.8004433544005283e-05
Ciclo Superior,09 - INSTALACIÓN Y MANTENIMIENTO,Mujeres,Trabajando,45,6.63262899726441e-05
Ciclo Superior,09 - INSTALACIÓN Y MANTENIMIENTO,Mujeres,En desempleo,9,1.3265257994528818e-05
Ciclo Superior,09 - INSTALACIÓN Y MANTENIMIENTO,Mujeres,Inactivo,3,4.421752664842939e-06
Ciclo Superior,10 - ELECTRICIDAD Y ELECTRÓNICA,Mujeres,Trabajando,302,0.00044512310159418924
Ciclo Superior,10 - ELECTRICIDAD Y ELECTRÓNICA,Mujeres,En desempleo,42,6.190453730780115e-05
Ciclo Superior,10 - ELECTRICIDAD Y ELECTRÓNICA,Mujeres,Inactivo,42,6.190453730780115e-05
Ciclo Superior,11 - ENERGÍA Y AGUA,Mujeres,Trabajando,55,8.106546552212055e-05
Ciclo Superior,11 - ENERGÍA Y AGUA,Mujeres,En desempleo,6,8.843505329685878e-06
Ciclo Superior,11 - ENERGÍA Y AGUA,Mujeres,Inactivo,11,1.6213093104424112e-05
Ciclo Superior,12 - TRANSPORTE Y MANTENIMIENTO DE VEHÍCULOS,Mujeres,Trabajando,69,0.00010170031129138761
Ciclo Superior,12 - TRANSPORTE Y MANTENIMIENTO DE VEHÍCULOS,Mujeres,En desempleo,6,8.843505329685878e-06
Ciclo Superior,12 - TRANSPORTE Y MANTENIMIENTO DE VEHÍCULOS,Mujeres,Inactivo,2,2.947835109895293e-06
Ciclo Superior,14 - EDIFICACIÓN Y OBRA CIVIL,Mujeres,Trabajando,417,0.0006146236204131686
Ciclo Superior,14 - EDIFICACIÓN Y OBRA CIVIL,Mujeres,En desempleo,68,0.00010022639373643996
Ciclo Superior,14 - EDIFICACIÓN Y OBRA CIVIL,Mujeres,Inactivo,119,0.00017539618903876993
Ciclo Superior,18 - ARTES GRÁFICAS,Mujeres,Trabajando,255,0.00037584897651164983
Ciclo Superior,18 - ARTES GRÁFICAS,Mujeres,En desempleo,37,5.453494953306292e-05
Ciclo Superior,18 - ARTES GRÁFICAS,Mujeres,Inactivo,30,4.4217526648429396e-05
Ciclo Superior,19 - IMAGEN Y SONIDO,Mujeres,Trabajando,1132,0.0016684746722007357
Ciclo Superior,19 - IMAGEN Y SONIDO,Mujeres,En desempleo,298,0.00043922743137439865
Ciclo Superior,19 - IMAGEN Y SONIDO,Mujeres,Inactivo,136,0.00020045278747287992
Ciclo Superior,20 - INFORMÁTICA Y COMUNICACIONES,Mujeres,Trabajando,862,0.0012705169323648713
Ciclo Superior,20 - INFORMÁTICA Y COMUNICACIONES,Mujeres,En desempleo,104,0.00015328742571455524
Ciclo Superior,20 - INFORMÁTICA Y COMUNICACIONES,Mujeres,Inactivo,87,0.00012823082728044525
Ciclo Superior,21 - ADMINISTRACIÓN Y GESTIÓN,Mujeres,Trabajando,9486,0.013981581926233375
Ciclo Superior,21 - ADMINISTRACIÓN Y GESTIÓN,Mujeres,En desempleo,1538,0.0022668851995094803
Ciclo Superior,21 - ADMINISTRACIÓN Y GESTIÓN,Mujeres,Inactivo,986,0.0014532827091783794
Ciclo Superior,22 - COMERCIO Y MARKETING,Mujeres,Trabajando,2834,0.00417708235072163
Ciclo Superior,22 - COMERCIO Y MARKETING,Mujeres,En desempleo,381,0.0005615625884350533
Ciclo Superior,22 - COMERCIO Y MARKETING,Mujeres,Inactivo,254,0.0003743750589567022
Ciclo Superior,23 - SERVICIOS SOCIOCULTURALES Y A LA COMUNIDAD,Mujeres,Trabajando,13343,0.019666481935666447
Ciclo Superior,23 - SERVICIOS SOCIOCULTURALES Y A LA COMUNIDAD,Mujeres,En desempleo,2125,0.003132074804263749
Ciclo Superior,23 - SERVICIOS SOCIOCULTURALES Y A LA COMUNIDAD,Mujeres,Inactivo,1580,0.002328789736817281
Ciclo Superior,24 - HOSTELERÍA Y TURISMO,Mujeres,Trabajando,2715,0.00400168616168286
Ciclo Superior,24 - HOSTELERÍA Y TURISMO,Mujeres,En desempleo,449,0.0006617889821714933
Ciclo Superior,24 - HOSTELERÍA Y TURISMO,Mujeres,Inactivo,321,0.0004731275351381945
Ciclo Superior,25 - ACTIVIDADES FÍSICAS Y DEPORTIVAS,Mujeres,Trabajando,739,0.0010892250731063108
Ciclo Superior,25 - ACTIVIDADES FÍSICAS Y DEPORTIVAS,Mujeres,En desempleo,281,0.00041417083294028863
Ciclo Superior,25 - ACTIVIDADES FÍSICAS Y DEPORTIVAS,Mujeres,Inactivo,179,0.00026383124233562874
Ciclo Superior,"15 - VIDRIO Y CERÁMICA 16 - MADERA, MUEBLE Y CORCHO 17 - TEXTIL, CONFECCIÓN Y PIEL 26 - ARTES Y ARTESANÍAS",Mujeres,Trabajando,230,0.0003390010376379587
Ciclo Superior,"15 - VIDRIO Y CERÁMICA 16 - MADERA, MUEBLE Y CORCHO 17 - TEXTIL, CONFECCIÓN Y PIEL 26 - ARTES Y ARTESANÍAS",Mujeres,En desempleo,66,9.727855862654467e-05
Ciclo Superior,"15 - VIDRIO Y CERÁMICA 16 - MADERA, MUEBLE Y CORCHO 17 - TEXTIL, CONFECCIÓN Y PIEL 26 - ARTES Y ARTESANÍAS",Mujeres,Inactivo,45,6.63262899726441e-05
Universidad,01 - EDUCACIÓN,Hombres,Trabajando,6821,0.010053591642297896
Universidad,01 - EDUCACIÓN,Hombres,En desenpleo,939,0.00138400858409584
Universidad,01 - EDUCACIÓN,Hombres,Inactivo,409,0.0006028322799735874
Universidad,01 - EDUCACIÓN,Mujeres,Trabajando,26944,0.039713234600509385
Universidad,01 - EDUCACIÓN,Mujeres,En desenpleo,4018,0.005922200735779644
Universidad,01 - EDUCACIÓN,Mujeres,Inactivo,1977,0.002913935006131497
Universidad,02 - ARTES Y HUMANIDADES,Hombres,Trabajando,5463,0.008052011602678993
Universidad,02 - ARTES Y HUMANIDADES,Hombres,En desenpleo,1065,0.0015697221960192435
Universidad,02 - ARTES Y HUMANIDADES,Hombres,Inactivo,718,0.0010582728044524101
Universidad,02 - ARTES Y HUMANIDADES,Mujeres,Trabajando,10116,0.014910149985850392
Universidad,02 - ARTES Y HUMANIDADES,Mujeres,En desenpleo,1686,0.002485024997641732
Universidad,02 - ARTES Y HUMANIDADES,Mujeres,Inactivo,1168,0.001721535704178851
Universidad,"03 - CIENCIAS SOCIALES, PERIODISMO Y DOCUMENTACIÓN",Hombres,Trabajando,6481,0.009552459673615697
Universidad,"03 - CIENCIAS SOCIALES, PERIODISMO Y DOCUMENTACIÓN",Hombres,En desenpleo,742,0.0010936468257711537
Universidad,"03 - CIENCIAS SOCIALES, PERIODISMO Y DOCUMENTACIÓN",Hombres,Inactivo,511,0.0007531718705782474
Universidad,"03 - CIENCIAS SOCIALES, PERIODISMO Y DOCUMENTACIÓN",Mujeres,Trabajando,11602,0.017100391472502596
Universidad,"03 - CIENCIAS SOCIALES, PERIODISMO Y DOCUMENTACIÓN",Mujeres,En desenpleo,1134,0.001671422507310631
Universidad,"03 - CIENCIAS SOCIALES, PERIODISMO Y DOCUMENTACIÓN",Mujeres,Inactivo,771,0.0011363904348646353
Universidad,"04 - NEGOCIOS, ADMINISTRACIÓN Y DERECHO",Hombres,Trabajando,17703,0.026092762475238184
Universidad,"04 - NEGOCIOS, ADMINISTRACIÓN Y DERECHO",Hombres,En desenpleo,1487,0.0021917154042071503
Universidad,"04 - NEGOCIOS, ADMINISTRACIÓN Y DERECHO",Hombres,Inactivo,1468,0.002163710970663145
Universidad,"04 - NEGOCIOS, ADMINISTRACIÓN Y DERECHO",Mujeres,Trabajando,22900,0.03375271200830111
Universidad,"04 - NEGOCIOS, ADMINISTRACIÓN Y DERECHO",Mujeres,En desenpleo,2381,0.0035093976983303463
Universidad,"04 - NEGOCIOS, ADMINISTRACIÓN Y DERECHO",Mujeres,Inactivo,2410,0.003552141307423828
Universidad,05 - CIENCIAS,Hombres,Trabajando,4549,0.006704850957456844
Universidad,05 - CIENCIAS,Hombres,En desenpleo,536,0.0007900198094519385
Universidad,05 - CIENCIAS,Hombres,Inactivo,337,0.0004967102160173568
Universidad,05 - CIENCIAS,Mujeres,Trabajando,5680,0.008371851712102632
Universidad,05 - CIENCIAS,Mujeres,En desenpleo,742,0.0010936468257711537
Universidad,05 - CIENCIAS,Mujeres,Inactivo,389,0.0005733539288746345
Universidad,06 - INFORMÁTICA,Hombres,Trabajando,5603,0.008258360060371664
Universidad,06 - INFORMÁTICA,Hombres,En desenpleo,103,0.0001518135081596076
Universidad,06 - INFORMÁTICA,Hombres,Inactivo,71,0.00010464814640128289
Universidad,06 - INFORMÁTICA,Mujeres,Trabajando,998,0.0014709697198377512
Universidad,06 - INFORMÁTICA,Mujeres,En desenpleo,50,7.369587774738232e-05
Universidad,06 - INFORMÁTICA,Mujeres,Inactivo,34,5.011319686821998e-05
Universidad,"07 - INGENIERÍA, INDUSTRIA Y CONSTRUCCIÓN",Hombres,Trabajando,25114,0.03701596547495519
Universidad,"07 - INGENIERÍA, INDUSTRIA Y CONSTRUCCIÓN",Hombres,En desenpleo,1330,0.00196031034808037
Universidad,"07 - INGENIERÍA, INDUSTRIA Y CONSTRUCCIÓN",Hombres,Inactivo,707,0.001042059711347986
Universidad,"07 - INGENIERÍA, INDUSTRIA Y CONSTRUCCIÓN",Mujeres,Trabajando,10473,0.015436338552966701
Universidad,"07 - INGENIERÍA, INDUSTRIA Y CONSTRUCCIÓN",Mujeres,En desenpleo,496,0.0007310631072540326
Universidad,"07 - INGENIERÍA, INDUSTRIA Y CONSTRUCCIÓN",Mujeres,Inactivo,566,0.0008342373361003678
Universidad,"08 - AGRICULTURA, GANADERÍA, SILVICULTURA, PESCA Y VETERINARIA",Hombres,Trabajando,1820,0.0026825299500047167
Universidad,"08 - AGRICULTURA, GANADERÍA, SILVICULTURA, PESCA Y VETERINARIA",Hombres,En desenpleo,96,0.00014149608527497405
Universidad,"08 - AGRICULTURA, GANADERÍA, SILVICULTURA, PESCA Y VETERINARIA",Hombres,Inactivo,89,0.00013117866239034055
Universidad,"08 - AGRICULTURA, GANADERÍA, SILVICULTURA, PESCA Y VETERINARIA",Mujeres,Trabajando,1754,0.002585251391378172
Universidad,"08 - AGRICULTURA, GANADERÍA, SILVICULTURA, PESCA Y VETERINARIA",Mujeres,En desenpleo,137,0.00020192670502782757
Universidad,"08 - AGRICULTURA, GANADERÍA, SILVICULTURA, PESCA Y VETERINARIA",Mujeres,Inactivo,137,0.00020192670502782757
Universidad,09 - SALUD Y SERVICIOS SOCIALES,Hombres,Trabajando,7745,0.011415491463069522
Universidad,09 - SALUD Y SERVICIOS SOCIALES,Hombres,En desenpleo,266,0.00039206206961607396
Universidad,09 - SALUD Y SERVICIOS SOCIALES,Hombres,Inactivo,317,0.0004672318649184039
Universidad,09 - SALUD Y SERVICIOS SOCIALES,Mujeres,Trabajando,22815,0.033627429016130556
Universidad,09 - SALUD Y SERVICIOS SOCIALES,Mujeres,En desenpleo,1093,0.0016109918875577775
Universidad,09 - SALUD Y SERVICIOS SOCIALES,Mujeres,Inactivo,945,0.001392852089425526
Universidad,10 - SERVICIOS,Hombres,Trabajando,3738,0.005509503820394303
Universidad,10 - SERVICIOS,Hombres,En desenpleo,314,0.00046281011225356096
Universidad,10 - SERVICIOS,Hombres,Inactivo,315,0.0004642840298085086
Universidad,10 - SERVICIOS,Mujeres,Trabajando,2776,0.004091595132534666
Universidad,10 - SERVICIOS,Mujeres,En desenpleo,335,0.0004937623809074615
Universidad,10 - SERVICIOS,Mujeres,Inactivo,242,0.00035668804829733046
