Rama de actividad CNAE 2009;Sexo;Unidad;Periodo;Total
A Agricultura, ganadería, silvicultura y pesca;Ambos sexos;Valor absoluto;2019T4;793,9
A Agricultura, ganadería, silvicultura y pesca;Ambos sexos;Valor absoluto;2019T3;746,2
A Agricultura, ganadería, silvicultura y pesca;Ambos sexos;Valor absoluto;2019T2;809,3
A Agricultura, ganadería, silvicultura y pesca;Ambos sexos;Valor absoluto;2019T1;839,7
A Agricultura, ganadería, silvicultura y pesca;Ambos sexos;Valor absoluto;2018T4;825,6
A Agricultura, ganadería, silvicultura y pesca;Ambos sexos;Valor absoluto;2018T3;768,4
A Agricultura, ganadería, silvicultura y pesca;Ambos sexos;Valor absoluto;2018T2;822,5
A Agricultura, ganadería, silvicultura y pesca;Ambos sexos;Valor absoluto;2018T1;833,8
A Agricultura, ganadería, silvicultura y pesca;Ambos sexos;Valor absoluto;2017T4;820,7
A Agricultura, ganadería, silvicultura y pesca;Ambos sexos;Valor absoluto;2017T3;777,0
A Agricultura, ganadería, silvicultura y pesca;Ambos sexos;Valor absoluto;2017T2;832,6
A Agricultura, ganadería, silvicultura y pesca;Ambos sexos;Valor absoluto;2017T1;847,7
A Agricultura, ganadería, silvicultura y pesca;Hombres;Valor absoluto;2019T4;618,5
A Agricultura, ganadería, silvicultura y pesca;Hombres;Valor absoluto;2019T3;577,4
A Agricultura, ganadería, silvicultura y pesca;Hombres;Valor absoluto;2019T2;618,8
A Agricultura, ganadería, silvicultura y pesca;Hombres;Valor absoluto;2019T1;634,6
A Agricultura, ganadería, silvicultura y pesca;Hombres;Valor absoluto;2018T4;630,4
A Agricultura, ganadería, silvicultura y pesca;Hombres;Valor absoluto;2018T3;593,4
A Agricultura, ganadería, silvicultura y pesca;Hombres;Valor absoluto;2018T2;624,3
A Agricultura, ganadería, silvicultura y pesca;Hombres;Valor absoluto;2018T1;637,5
A Agricultura, ganadería, silvicultura y pesca;Hombres;Valor absoluto;2017T4;625,4
A Agricultura, ganadería, silvicultura y pesca;Hombres;Valor absoluto;2017T3;597,8
A Agricultura, ganadería, silvicultura y pesca;Hombres;Valor absoluto;2017T2;630,1
A Agricultura, ganadería, silvicultura y pesca;Hombres;Valor absoluto;2017T1;645,3
A Agricultura, ganadería, silvicultura y pesca;Mujeres;Valor absoluto;2019T4;175,4
A Agricultura, ganadería, silvicultura y pesca;Mujeres;Valor absoluto;2019T3;168,9
A Agricultura, ganadería, silvicultura y pesca;Mujeres;Valor absoluto;2019T2;190,5
A Agricultura, ganadería, silvicultura y pesca;Mujeres;Valor absoluto;2019T1;205,1
A Agricultura, ganadería, silvicultura y pesca;Mujeres;Valor absoluto;2018T4;195,2
A Agricultura, ganadería, silvicultura y pesca;Mujeres;Valor absoluto;2018T3;175,0
A Agricultura, ganadería, silvicultura y pesca;Mujeres;Valor absoluto;2018T2;198,1
A Agricultura, ganadería, silvicultura y pesca;Mujeres;Valor absoluto;2018T1;196,2
A Agricultura, ganadería, silvicultura y pesca;Mujeres;Valor absoluto;2017T4;195,3
A Agricultura, ganadería, silvicultura y pesca;Mujeres;Valor absoluto;2017T3;179,2
A Agricultura, ganadería, silvicultura y pesca;Mujeres;Valor absoluto;2017T2;202,5
A Agricultura, ganadería, silvicultura y pesca;Mujeres;Valor absoluto;2017T1;202,5
B Industrias extractivas;Ambos sexos;Valor absoluto;2019T4;32,3
B Industrias extractivas;Ambos sexos;Valor absoluto;2019T3;33,0
B Industrias extractivas;Ambos sexos;Valor absoluto;2019T2;33,2
B Industrias extractivas;Ambos sexos;Valor absoluto;2019T1;32,0
B Industrias extractivas;Ambos sexos;Valor absoluto;2018T4;34,6
B Industrias extractivas;Ambos sexos;Valor absoluto;2018T3;33,9
B Industrias extractivas;Ambos sexos;Valor absoluto;2018T2;31,2
B Industrias extractivas;Ambos sexos;Valor absoluto;2018T1;34,3
B Industrias extractivas;Ambos sexos;Valor absoluto;2017T4;32,4
B Industrias extractivas;Ambos sexos;Valor absoluto;2017T3;32,7
B Industrias extractivas;Ambos sexos;Valor absoluto;2017T2;32,0
B Industrias extractivas;Ambos sexos;Valor absoluto;2017T1;35,7
B Industrias extractivas;Hombres;Valor absoluto;2019T4;27,6
B Industrias extractivas;Hombres;Valor absoluto;2019T3;28,1
B Industrias extractivas;Hombres;Valor absoluto;2019T2;29,7
B Industrias extractivas;Hombres;Valor absoluto;2019T1;28,3
B Industrias extractivas;Hombres;Valor absoluto;2018T4;30,6
B Industrias extractivas;Hombres;Valor absoluto;2018T3;29,8
B Industrias extractivas;Hombres;Valor absoluto;2018T2;28,4
B Industrias extractivas;Hombres;Valor absoluto;2018T1;32,5
B Industrias extractivas;Hombres;Valor absoluto;2017T4;30,4
B Industrias extractivas;Hombres;Valor absoluto;2017T3;30,5
B Industrias extractivas;Hombres;Valor absoluto;2017T2;30,6
B Industrias extractivas;Hombres;Valor absoluto;2017T1;33,5
B Industrias extractivas;Mujeres;Valor absoluto;2019T4;4,7
B Industrias extractivas;Mujeres;Valor absoluto;2019T3;4,9
B Industrias extractivas;Mujeres;Valor absoluto;2019T2;3,6
B Industrias extractivas;Mujeres;Valor absoluto;2019T1;3,8
B Industrias extractivas;Mujeres;Valor absoluto;2018T4;4,0
B Industrias extractivas;Mujeres;Valor absoluto;2018T3;4,1
B Industrias extractivas;Mujeres;Valor absoluto;2018T2;2,9
B Industrias extractivas;Mujeres;Valor absoluto;2018T1;1,8
B Industrias extractivas;Mujeres;Valor absoluto;2017T4;2,0
B Industrias extractivas;Mujeres;Valor absoluto;2017T3;2,2
B Industrias extractivas;Mujeres;Valor absoluto;2017T2;1,4
B Industrias extractivas;Mujeres;Valor absoluto;2017T1;2,2
C Industria manufacturera;Ambos sexos;Valor absoluto;2019T4;2.495,3
C Industria manufacturera;Ambos sexos;Valor absoluto;2019T3;2.546,6
C Industria manufacturera;Ambos sexos;Valor absoluto;2019T2;2.491,8
C Industria manufacturera;Ambos sexos;Valor absoluto;2019T1;2.446,0
C Industria manufacturera;Ambos sexos;Valor absoluto;2018T4;2.442,5
C Industria manufacturera;Ambos sexos;Valor absoluto;2018T3;2.449,5
C Industria manufacturera;Ambos sexos;Valor absoluto;2018T2;2.464,1
C Industria manufacturera;Ambos sexos;Valor absoluto;2018T1;2.420,7
C Industria manufacturera;Ambos sexos;Valor absoluto;2017T4;2.458,3
C Industria manufacturera;Ambos sexos;Valor absoluto;2017T3;2.415,7
C Industria manufacturera;Ambos sexos;Valor absoluto;2017T2;2.378,2
C Industria manufacturera;Ambos sexos;Valor absoluto;2017T1;2.321,3
C Industria manufacturera;Hombres;Valor absoluto;2019T4;1.801,0
C Industria manufacturera;Hombres;Valor absoluto;2019T3;1.858,6
C Industria manufacturera;Hombres;Valor absoluto;2019T2;1.815,9
C Industria manufacturera;Hombres;Valor absoluto;2019T1;1.779,4
C Industria manufacturera;Hombres;Valor absoluto;2018T4;1.801,0
C Industria manufacturera;Hombres;Valor absoluto;2018T3;1.798,1
C Industria manufacturera;Hombres;Valor absoluto;2018T2;1.807,2
C Industria manufacturera;Hombres;Valor absoluto;2018T1;1.783,3
C Industria manufacturera;Hombres;Valor absoluto;2017T4;1.822,0
C Industria manufacturera;Hombres;Valor absoluto;2017T3;1.790,9
C Industria manufacturera;Hombres;Valor absoluto;2017T2;1.763,6
C Industria manufacturera;Hombres;Valor absoluto;2017T1;1.727,2
C Industria manufacturera;Mujeres;Valor absoluto;2019T4;694,3
C Industria manufacturera;Mujeres;Valor absoluto;2019T3;688,1
C Industria manufacturera;Mujeres;Valor absoluto;2019T2;675,9
C Industria manufacturera;Mujeres;Valor absoluto;2019T1;666,6
C Industria manufacturera;Mujeres;Valor absoluto;2018T4;641,5
C Industria manufacturera;Mujeres;Valor absoluto;2018T3;651,4
C Industria manufacturera;Mujeres;Valor absoluto;2018T2;656,9
C Industria manufacturera;Mujeres;Valor absoluto;2018T1;637,5
C Industria manufacturera;Mujeres;Valor absoluto;2017T4;636,3
C Industria manufacturera;Mujeres;Valor absoluto;2017T3;624,8
C Industria manufacturera;Mujeres;Valor absoluto;2017T2;614,6
C Industria manufacturera;Mujeres;Valor absoluto;2017T1;594,1
D Suministro de energía eléctrica, gas, vapor y aire acondicionado;Ambos sexos;Valor absoluto;2019T4;90,4
D Suministro de energía eléctrica, gas, vapor y aire acondicionado;Ambos sexos;Valor absoluto;2019T3;90,7
D Suministro de energía eléctrica, gas, vapor y aire acondicionado;Ambos sexos;Valor absoluto;2019T2;92,3
D Suministro de energía eléctrica, gas, vapor y aire acondicionado;Ambos sexos;Valor absoluto;2019T1;91,5
D Suministro de energía eléctrica, gas, vapor y aire acondicionado;Ambos sexos;Valor absoluto;2018T4;88,0
D Suministro de energía eléctrica, gas, vapor y aire acondicionado;Ambos sexos;Valor absoluto;2018T3;84,4
D Suministro de energía eléctrica, gas, vapor y aire acondicionado;Ambos sexos;Valor absoluto;2018T2;76,6
D Suministro de energía eléctrica, gas, vapor y aire acondicionado;Ambos sexos;Valor absoluto;2018T1;73,8
D Suministro de energía eléctrica, gas, vapor y aire acondicionado;Ambos sexos;Valor absoluto;2017T4;76,5
D Suministro de energía eléctrica, gas, vapor y aire acondicionado;Ambos sexos;Valor absoluto;2017T3;78,9
D Suministro de energía eléctrica, gas, vapor y aire acondicionado;Ambos sexos;Valor absoluto;2017T2;91,5
D Suministro de energía eléctrica, gas, vapor y aire acondicionado;Ambos sexos;Valor absoluto;2017T1;87,2
D Suministro de energía eléctrica, gas, vapor y aire acondicionado;Hombres;Valor absoluto;2019T4;63,6
D Suministro de energía eléctrica, gas, vapor y aire acondicionado;Hombres;Valor absoluto;2019T3;68,6
D Suministro de energía eléctrica, gas, vapor y aire acondicionado;Hombres;Valor absoluto;2019T2;68,3
D Suministro de energía eléctrica, gas, vapor y aire acondicionado;Hombres;Valor absoluto;2019T1;61,7
D Suministro de energía eléctrica, gas, vapor y aire acondicionado;Hombres;Valor absoluto;2018T4;58,2
D Suministro de energía eléctrica, gas, vapor y aire acondicionado;Hombres;Valor absoluto;2018T3;59,8
D Suministro de energía eléctrica, gas, vapor y aire acondicionado;Hombres;Valor absoluto;2018T2;55,4
D Suministro de energía eléctrica, gas, vapor y aire acondicionado;Hombres;Valor absoluto;2018T1;57,1
D Suministro de energía eléctrica, gas, vapor y aire acondicionado;Hombres;Valor absoluto;2017T4;60,4
D Suministro de energía eléctrica, gas, vapor y aire acondicionado;Hombres;Valor absoluto;2017T3;62,4
D Suministro de energía eléctrica, gas, vapor y aire acondicionado;Hombres;Valor absoluto;2017T2;73,7
D Suministro de energía eléctrica, gas, vapor y aire acondicionado;Hombres;Valor absoluto;2017T1;70,7
D Suministro de energía eléctrica, gas, vapor y aire acondicionado;Mujeres;Valor absoluto;2019T4;26,8
D Suministro de energía eléctrica, gas, vapor y aire acondicionado;Mujeres;Valor absoluto;2019T3;22,2
D Suministro de energía eléctrica, gas, vapor y aire acondicionado;Mujeres;Valor absoluto;2019T2;24,0
D Suministro de energía eléctrica, gas, vapor y aire acondicionado;Mujeres;Valor absoluto;2019T1;29,8
D Suministro de energía eléctrica, gas, vapor y aire acondicionado;Mujeres;Valor absoluto;2018T4;29,8
D Suministro de energía eléctrica, gas, vapor y aire acondicionado;Mujeres;Valor absoluto;2018T3;24,6
D Suministro de energía eléctrica, gas, vapor y aire acondicionado;Mujeres;Valor absoluto;2018T2;21,2
D Suministro de energía eléctrica, gas, vapor y aire acondicionado;Mujeres;Valor absoluto;2018T1;16,7
D Suministro de energía eléctrica, gas, vapor y aire acondicionado;Mujeres;Valor absoluto;2017T4;16,1
D Suministro de energía eléctrica, gas, vapor y aire acondicionado;Mujeres;Valor absoluto;2017T3;16,6
D Suministro de energía eléctrica, gas, vapor y aire acondicionado;Mujeres;Valor absoluto;2017T2;17,8
D Suministro de energía eléctrica, gas, vapor y aire acondicionado;Mujeres;Valor absoluto;2017T1;16,5
E Suministro de agua, actividades de saneamiento, gestión de residuos y descontaminación;Ambos sexos;Valor absoluto;2019T4;145,6
E Suministro de agua, actividades de saneamiento, gestión de residuos y descontaminación;Ambos sexos;Valor absoluto;2019T3;145,4
E Suministro de agua, actividades de saneamiento, gestión de residuos y descontaminación;Ambos sexos;Valor absoluto;2019T2;147,3
E Suministro de agua, actividades de saneamiento, gestión de residuos y descontaminación;Ambos sexos;Valor absoluto;2019T1;138,9
E Suministro de agua, actividades de saneamiento, gestión de residuos y descontaminación;Ambos sexos;Valor absoluto;2018T4;143,2
E Suministro de agua, actividades de saneamiento, gestión de residuos y descontaminación;Ambos sexos;Valor absoluto;2018T3;157,8
E Suministro de agua, actividades de saneamiento, gestión de residuos y descontaminación;Ambos sexos;Valor absoluto;2018T2;150,9
E Suministro de agua, actividades de saneamiento, gestión de residuos y descontaminación;Ambos sexos;Valor absoluto;2018T1;147,6
E Suministro de agua, actividades de saneamiento, gestión de residuos y descontaminación;Ambos sexos;Valor absoluto;2017T4;144,1
E Suministro de agua, actividades de saneamiento, gestión de residuos y descontaminación;Ambos sexos;Valor absoluto;2017T3;143,3
E Suministro de agua, actividades de saneamiento, gestión de residuos y descontaminación;Ambos sexos;Valor absoluto;2017T2;134,9
E Suministro de agua, actividades de saneamiento, gestión de residuos y descontaminación;Ambos sexos;Valor absoluto;2017T1;126,7
E Suministro de agua, actividades de saneamiento, gestión de residuos y descontaminación;Hombres;Valor absoluto;2019T4;113,2
E Suministro de agua, actividades de saneamiento, gestión de residuos y descontaminación;Hombres;Valor absoluto;2019T3;114,6
E Suministro de agua, actividades de saneamiento, gestión de residuos y descontaminación;Hombres;Valor absoluto;2019T2;116,4
E Suministro de agua, actividades de saneamiento, gestión de residuos y descontaminación;Hombres;Valor absoluto;2019T1;114,4
E Suministro de agua, actividades de saneamiento, gestión de residuos y descontaminación;Hombres;Valor absoluto;2018T4;120,7
E Suministro de agua, actividades de saneamiento, gestión de residuos y descontaminación;Hombres;Valor absoluto;2018T3;132,3
E Suministro de agua, actividades de saneamiento, gestión de residuos y descontaminación;Hombres;Valor absoluto;2018T2;124,3
E Suministro de agua, actividades de saneamiento, gestión de residuos y descontaminación;Hombres;Valor absoluto;2018T1;121,4
E Suministro de agua, actividades de saneamiento, gestión de residuos y descontaminación;Hombres;Valor absoluto;2017T4;115,0
E Suministro de agua, actividades de saneamiento, gestión de residuos y descontaminación;Hombres;Valor absoluto;2017T3;118,1
E Suministro de agua, actividades de saneamiento, gestión de residuos y descontaminación;Hombres;Valor absoluto;2017T2;112,4
E Suministro de agua, actividades de saneamiento, gestión de residuos y descontaminación;Hombres;Valor absoluto;2017T1;105,8
E Suministro de agua, actividades de saneamiento, gestión de residuos y descontaminación;Mujeres;Valor absoluto;2019T4;32,5
E Suministro de agua, actividades de saneamiento, gestión de residuos y descontaminación;Mujeres;Valor absoluto;2019T3;30,8
E Suministro de agua, actividades de saneamiento, gestión de residuos y descontaminación;Mujeres;Valor absoluto;2019T2;30,8
E Suministro de agua, actividades de saneamiento, gestión de residuos y descontaminación;Mujeres;Valor absoluto;2019T1;24,6
E Suministro de agua, actividades de saneamiento, gestión de residuos y descontaminación;Mujeres;Valor absoluto;2018T4;22,5
E Suministro de agua, actividades de saneamiento, gestión de residuos y descontaminación;Mujeres;Valor absoluto;2018T3;25,5
E Suministro de agua, actividades de saneamiento, gestión de residuos y descontaminación;Mujeres;Valor absoluto;2018T2;26,6
E Suministro de agua, actividades de saneamiento, gestión de residuos y descontaminación;Mujeres;Valor absoluto;2018T1;26,2
E Suministro de agua, actividades de saneamiento, gestión de residuos y descontaminación;Mujeres;Valor absoluto;2017T4;29,1
E Suministro de agua, actividades de saneamiento, gestión de residuos y descontaminación;Mujeres;Valor absoluto;2017T3;25,2
E Suministro de agua, actividades de saneamiento, gestión de residuos y descontaminación;Mujeres;Valor absoluto;2017T2;22,5
E Suministro de agua, actividades de saneamiento, gestión de residuos y descontaminación;Mujeres;Valor absoluto;2017T1;20,8
F Construcción;Ambos sexos;Valor absoluto;2019T4;1.283,9
F Construcción;Ambos sexos;Valor absoluto;2019T3;1.269,9
F Construcción;Ambos sexos;Valor absoluto;2019T2;1.276,4
F Construcción;Ambos sexos;Valor absoluto;2019T1;1.281,4
F Construcción;Ambos sexos;Valor absoluto;2018T4;1.279,9
F Construcción;Ambos sexos;Valor absoluto;2018T3;1.240,2
F Construcción;Ambos sexos;Valor absoluto;2018T2;1.215,2
F Construcción;Ambos sexos;Valor absoluto;2018T1;1.151,9
F Construcción;Ambos sexos;Valor absoluto;2017T4;1.143,7
F Construcción;Ambos sexos;Valor absoluto;2017T3;1.154,6
F Construcción;Ambos sexos;Valor absoluto;2017T2;1.133,6
F Construcción;Ambos sexos;Valor absoluto;2017T1;1.081,4
F Construcción;Hombres;Valor absoluto;2019T4;1.176,3
F Construcción;Hombres;Valor absoluto;2019T3;1.151,7
F Construcción;Hombres;Valor absoluto;2019T2;1.158,1
F Construcción;Hombres;Valor absoluto;2019T1;1.169,0
F Construcción;Hombres;Valor absoluto;2018T4;1.164,3
F Construcción;Hombres;Valor absoluto;2018T3;1.133,0
F Construcción;Hombres;Valor absoluto;2018T2;1.108,8
F Construcción;Hombres;Valor absoluto;2018T1;1.055,9
F Construcción;Hombres;Valor absoluto;2017T4;1.042,4
F Construcción;Hombres;Valor absoluto;2017T3;1.050,8
F Construcción;Hombres;Valor absoluto;2017T2;1.037,1
F Construcción;Hombres;Valor absoluto;2017T1;986,5
F Construcción;Mujeres;Valor absoluto;2019T4;107,6
F Construcción;Mujeres;Valor absoluto;2019T3;118,2
F Construcción;Mujeres;Valor absoluto;2019T2;118,3
F Construcción;Mujeres;Valor absoluto;2019T1;112,4
F Construcción;Mujeres;Valor absoluto;2018T4;115,6
F Construcción;Mujeres;Valor absoluto;2018T3;107,2
F Construcción;Mujeres;Valor absoluto;2018T2;106,4
F Construcción;Mujeres;Valor absoluto;2018T1;96,0
F Construcción;Mujeres;Valor absoluto;2017T4;101,2
F Construcción;Mujeres;Valor absoluto;2017T3;103,8
F Construcción;Mujeres;Valor absoluto;2017T2;96,5
F Construcción;Mujeres;Valor absoluto;2017T1;94,9
G Comercio al por mayor y al por menor, reparación de vehículos de motor y motocicletas;Ambos sexos;Valor absoluto;2019T4;3.140,1
G Comercio al por mayor y al por menor, reparación de vehículos de motor y motocicletas;Ambos sexos;Valor absoluto;2019T3;3.076,5
G Comercio al por mayor y al por menor, reparación de vehículos de motor y motocicletas;Ambos sexos;Valor absoluto;2019T2;3.056,6
G Comercio al por mayor y al por menor, reparación de vehículos de motor y motocicletas;Ambos sexos;Valor absoluto;2019T1;3.020,1
G Comercio al por mayor y al por menor, reparación de vehículos de motor y motocicletas;Ambos sexos;Valor absoluto;2018T4;3.047,4
G Comercio al por mayor y al por menor, reparación de vehículos de motor y motocicletas;Ambos sexos;Valor absoluto;2018T3;3.060,6
G Comercio al por mayor y al por menor, reparación de vehículos de motor y motocicletas;Ambos sexos;Valor absoluto;2018T2;2.985,5
G Comercio al por mayor y al por menor, reparación de vehículos de motor y motocicletas;Ambos sexos;Valor absoluto;2018T1;2.934,2
G Comercio al por mayor y al por menor, reparación de vehículos de motor y motocicletas;Ambos sexos;Valor absoluto;2017T4;2.971,8
G Comercio al por mayor y al por menor, reparación de vehículos de motor y motocicletas;Ambos sexos;Valor absoluto;2017T3;3.029,7
G Comercio al por mayor y al por menor, reparación de vehículos de motor y motocicletas;Ambos sexos;Valor absoluto;2017T2;2.997,0
G Comercio al por mayor y al por menor, reparación de vehículos de motor y motocicletas;Ambos sexos;Valor absoluto;2017T1;2.976,1
G Comercio al por mayor y al por menor, reparación de vehículos de motor y motocicletas;Hombres;Valor absoluto;2019T4;1.590,8
G Comercio al por mayor y al por menor, reparación de vehículos de motor y motocicletas;Hombres;Valor absoluto;2019T3;1.560,4
G Comercio al por mayor y al por menor, reparación de vehículos de motor y motocicletas;Hombres;Valor absoluto;2019T2;1.549,0
G Comercio al por mayor y al por menor, reparación de vehículos de motor y motocicletas;Hombres;Valor absoluto;2019T1;1.551,7
G Comercio al por mayor y al por menor, reparación de vehículos de motor y motocicletas;Hombres;Valor absoluto;2018T4;1.522,3
G Comercio al por mayor y al por menor, reparación de vehículos de motor y motocicletas;Hombres;Valor absoluto;2018T3;1.550,1
G Comercio al por mayor y al por menor, reparación de vehículos de motor y motocicletas;Hombres;Valor absoluto;2018T2;1.508,6
G Comercio al por mayor y al por menor, reparación de vehículos de motor y motocicletas;Hombres;Valor absoluto;2018T1;1.482,2
G Comercio al por mayor y al por menor, reparación de vehículos de motor y motocicletas;Hombres;Valor absoluto;2017T4;1.504,4
G Comercio al por mayor y al por menor, reparación de vehículos de motor y motocicletas;Hombres;Valor absoluto;2017T3;1.522,3
G Comercio al por mayor y al por menor, reparación de vehículos de motor y motocicletas;Hombres;Valor absoluto;2017T2;1.498,3
G Comercio al por mayor y al por menor, reparación de vehículos de motor y motocicletas;Hombres;Valor absoluto;2017T1;1.486,1
G Comercio al por mayor y al por menor, reparación de vehículos de motor y motocicletas;Mujeres;Valor absoluto;2019T4;1.549,3
G Comercio al por mayor y al por menor, reparación de vehículos de motor y motocicletas;Mujeres;Valor absoluto;2019T3;1.516,1
G Comercio al por mayor y al por menor, reparación de vehículos de motor y motocicletas;Mujeres;Valor absoluto;2019T2;1.507,6
G Comercio al por mayor y al por menor, reparación de vehículos de motor y motocicletas;Mujeres;Valor absoluto;2019T1;1.468,4
G Comercio al por mayor y al por menor, reparación de vehículos de motor y motocicletas;Mujeres;Valor absoluto;2018T4;1.525,2
G Comercio al por mayor y al por menor, reparación de vehículos de motor y motocicletas;Mujeres;Valor absoluto;2018T3;1.510,4
G Comercio al por mayor y al por menor, reparación de vehículos de motor y motocicletas;Mujeres;Valor absoluto;2018T2;1.477,0
G Comercio al por mayor y al por menor, reparación de vehículos de motor y motocicletas;Mujeres;Valor absoluto;2018T1;1.452,0
G Comercio al por mayor y al por menor, reparación de vehículos de motor y motocicletas;Mujeres;Valor absoluto;2017T4;1.467,4
G Comercio al por mayor y al por menor, reparación de vehículos de motor y motocicletas;Mujeres;Valor absoluto;2017T3;1.507,4
G Comercio al por mayor y al por menor, reparación de vehículos de motor y motocicletas;Mujeres;Valor absoluto;2017T2;1.498,7
G Comercio al por mayor y al por menor, reparación de vehículos de motor y motocicletas;Mujeres;Valor absoluto;2017T1;1.490,0
H Transporte y almacenamiento;Ambos sexos;Valor absoluto;2019T4;1.050,8
H Transporte y almacenamiento;Ambos sexos;Valor absoluto;2019T3;1.028,1
H Transporte y almacenamiento;Ambos sexos;Valor absoluto;2019T2;1.024,0
H Transporte y almacenamiento;Ambos sexos;Valor absoluto;2019T1;1.021,6
H Transporte y almacenamiento;Ambos sexos;Valor absoluto;2018T4;1.015,2
H Transporte y almacenamiento;Ambos sexos;Valor absoluto;2018T3;969,2
H Transporte y almacenamiento;Ambos sexos;Valor absoluto;2018T2;981,5
H Transporte y almacenamiento;Ambos sexos;Valor absoluto;2018T1;958,5
H Transporte y almacenamiento;Ambos sexos;Valor absoluto;2017T4;940,5
H Transporte y almacenamiento;Ambos sexos;Valor absoluto;2017T3;947,4
H Transporte y almacenamiento;Ambos sexos;Valor absoluto;2017T2;922,2
H Transporte y almacenamiento;Ambos sexos;Valor absoluto;2017T1;936,2
H Transporte y almacenamiento;Hombres;Valor absoluto;2019T4;836,0
H Transporte y almacenamiento;Hombres;Valor absoluto;2019T3;829,2
H Transporte y almacenamiento;Hombres;Valor absoluto;2019T2;823,6
H Transporte y almacenamiento;Hombres;Valor absoluto;2019T1;821,3
H Transporte y almacenamiento;Hombres;Valor absoluto;2018T4;816,4
H Transporte y almacenamiento;Hombres;Valor absoluto;2018T3;786,8
H Transporte y almacenamiento;Hombres;Valor absoluto;2018T2;801,6
H Transporte y almacenamiento;Hombres;Valor absoluto;2018T1;779,6
H Transporte y almacenamiento;Hombres;Valor absoluto;2017T4;760,9
H Transporte y almacenamiento;Hombres;Valor absoluto;2017T3;769,4
H Transporte y almacenamiento;Hombres;Valor absoluto;2017T2;745,0
H Transporte y almacenamiento;Hombres;Valor absoluto;2017T1;761,2
H Transporte y almacenamiento;Mujeres;Valor absoluto;2019T4;214,8
H Transporte y almacenamiento;Mujeres;Valor absoluto;2019T3;198,9
H Transporte y almacenamiento;Mujeres;Valor absoluto;2019T2;200,4
H Transporte y almacenamiento;Mujeres;Valor absoluto;2019T1;200,3
H Transporte y almacenamiento;Mujeres;Valor absoluto;2018T4;198,8
H Transporte y almacenamiento;Mujeres;Valor absoluto;2018T3;182,4
H Transporte y almacenamiento;Mujeres;Valor absoluto;2018T2;179,9
H Transporte y almacenamiento;Mujeres;Valor absoluto;2018T1;179,0
H Transporte y almacenamiento;Mujeres;Valor absoluto;2017T4;179,6
H Transporte y almacenamiento;Mujeres;Valor absoluto;2017T3;178,0
H Transporte y almacenamiento;Mujeres;Valor absoluto;2017T2;177,2
H Transporte y almacenamiento;Mujeres;Valor absoluto;2017T1;175,0
I Hostelería;Ambos sexos;Valor absoluto;2019T4;1.692,9
I Hostelería;Ambos sexos;Valor absoluto;2019T3;1.841,1
I Hostelería;Ambos sexos;Valor absoluto;2019T2;1.747,1
I Hostelería;Ambos sexos;Valor absoluto;2019T1;1.580,4
I Hostelería;Ambos sexos;Valor absoluto;2018T4;1.667,3
I Hostelería;Ambos sexos;Valor absoluto;2018T3;1.848,1
I Hostelería;Ambos sexos;Valor absoluto;2018T2;1.757,0
I Hostelería;Ambos sexos;Valor absoluto;2018T1;1.558,5
I Hostelería;Ambos sexos;Valor absoluto;2017T4;1.654,5
I Hostelería;Ambos sexos;Valor absoluto;2017T3;1.749,3
I Hostelería;Ambos sexos;Valor absoluto;2017T2;1.658,8
I Hostelería;Ambos sexos;Valor absoluto;2017T1;1.485,9
I Hostelería;Hombres;Valor absoluto;2019T4;791,4
I Hostelería;Hombres;Valor absoluto;2019T3;864,6
I Hostelería;Hombres;Valor absoluto;2019T2;795,3
I Hostelería;Hombres;Valor absoluto;2019T1;729,2
I Hostelería;Hombres;Valor absoluto;2018T4;774,2
I Hostelería;Hombres;Valor absoluto;2018T3;873,0
I Hostelería;Hombres;Valor absoluto;2018T2;827,5
I Hostelería;Hombres;Valor absoluto;2018T1;730,0
I Hostelería;Hombres;Valor absoluto;2017T4;771,3
I Hostelería;Hombres;Valor absoluto;2017T3;817,0
I Hostelería;Hombres;Valor absoluto;2017T2;768,2
I Hostelería;Hombres;Valor absoluto;2017T1;691,6
I Hostelería;Mujeres;Valor absoluto;2019T4;901,5
I Hostelería;Mujeres;Valor absoluto;2019T3;976,5
I Hostelería;Mujeres;Valor absoluto;2019T2;951,8
I Hostelería;Mujeres;Valor absoluto;2019T1;851,2
I Hostelería;Mujeres;Valor absoluto;2018T4;893,1
I Hostelería;Mujeres;Valor absoluto;2018T3;975,1
I Hostelería;Mujeres;Valor absoluto;2018T2;929,5
I Hostelería;Mujeres;Valor absoluto;2018T1;828,6
I Hostelería;Mujeres;Valor absoluto;2017T4;883,2
I Hostelería;Mujeres;Valor absoluto;2017T3;932,3
I Hostelería;Mujeres;Valor absoluto;2017T2;890,6
I Hostelería;Mujeres;Valor absoluto;2017T1;794,2
J Información y comunicaciones;Ambos sexos;Valor absoluto;2019T4;606,2
J Información y comunicaciones;Ambos sexos;Valor absoluto;2019T3;604,3
J Información y comunicaciones;Ambos sexos;Valor absoluto;2019T2;616,1
J Información y comunicaciones;Ambos sexos;Valor absoluto;2019T1;583,9
J Información y comunicaciones;Ambos sexos;Valor absoluto;2018T4;591,9
J Información y comunicaciones;Ambos sexos;Valor absoluto;2018T3;589,0
J Información y comunicaciones;Ambos sexos;Valor absoluto;2018T2;571,4
J Información y comunicaciones;Ambos sexos;Valor absoluto;2018T1;587,2
J Información y comunicaciones;Ambos sexos;Valor absoluto;2017T4;607,4
J Información y comunicaciones;Ambos sexos;Valor absoluto;2017T3;598,6
J Información y comunicaciones;Ambos sexos;Valor absoluto;2017T2;577,9
J Información y comunicaciones;Ambos sexos;Valor absoluto;2017T1;555,4
J Información y comunicaciones;Hombres;Valor absoluto;2019T4;411,4
J Información y comunicaciones;Hombres;Valor absoluto;2019T3;409,2
J Información y comunicaciones;Hombres;Valor absoluto;2019T2;433,9
J Información y comunicaciones;Hombres;Valor absoluto;2019T1;415,5
J Información y comunicaciones;Hombres;Valor absoluto;2018T4;422,2
J Información y comunicaciones;Hombres;Valor absoluto;2018T3;422,9
J Información y comunicaciones;Hombres;Valor absoluto;2018T2;408,9
J Información y comunicaciones;Hombres;Valor absoluto;2018T1;415,4
J Información y comunicaciones;Hombres;Valor absoluto;2017T4;419,1
J Información y comunicaciones;Hombres;Valor absoluto;2017T3;418,9
J Información y comunicaciones;Hombres;Valor absoluto;2017T2;395,3
J Información y comunicaciones;Hombres;Valor absoluto;2017T1;383,0
J Información y comunicaciones;Mujeres;Valor absoluto;2019T4;194,8
J Información y comunicaciones;Mujeres;Valor absoluto;2019T3;195,1
J Información y comunicaciones;Mujeres;Valor absoluto;2019T2;182,3
J Información y comunicaciones;Mujeres;Valor absoluto;2019T1;168,4
J Información y comunicaciones;Mujeres;Valor absoluto;2018T4;169,6
J Información y comunicaciones;Mujeres;Valor absoluto;2018T3;166,1
J Información y comunicaciones;Mujeres;Valor absoluto;2018T2;162,5
J Información y comunicaciones;Mujeres;Valor absoluto;2018T1;171,8
J Información y comunicaciones;Mujeres;Valor absoluto;2017T4;188,3
J Información y comunicaciones;Mujeres;Valor absoluto;2017T3;179,7
J Información y comunicaciones;Mujeres;Valor absoluto;2017T2;182,5
J Información y comunicaciones;Mujeres;Valor absoluto;2017T1;172,5
K Actividades financieras y de seguros;Ambos sexos;Valor absoluto;2019T4;434,7
K Actividades financieras y de seguros;Ambos sexos;Valor absoluto;2019T3;429,1
K Actividades financieras y de seguros;Ambos sexos;Valor absoluto;2019T2;432,8
K Actividades financieras y de seguros;Ambos sexos;Valor absoluto;2019T1;420,2
K Actividades financieras y de seguros;Ambos sexos;Valor absoluto;2018T4;436,4
K Actividades financieras y de seguros;Ambos sexos;Valor absoluto;2018T3;427,8
K Actividades financieras y de seguros;Ambos sexos;Valor absoluto;2018T2;421,3
K Actividades financieras y de seguros;Ambos sexos;Valor absoluto;2018T1;453,1
K Actividades financieras y de seguros;Ambos sexos;Valor absoluto;2017T4;438,6
K Actividades financieras y de seguros;Ambos sexos;Valor absoluto;2017T3;454,7
K Actividades financieras y de seguros;Ambos sexos;Valor absoluto;2017T2;443,1
K Actividades financieras y de seguros;Ambos sexos;Valor absoluto;2017T1;448,8
K Actividades financieras y de seguros;Hombres;Valor absoluto;2019T4;202,1
K Actividades financieras y de seguros;Hombres;Valor absoluto;2019T3;206,1
K Actividades financieras y de seguros;Hombres;Valor absoluto;2019T2;205,1
K Actividades financieras y de seguros;Hombres;Valor absoluto;2019T1;193,0
K Actividades financieras y de seguros;Hombres;Valor absoluto;2018T4;203,4
K Actividades financieras y de seguros;Hombres;Valor absoluto;2018T3;205,8
K Actividades financieras y de seguros;Hombres;Valor absoluto;2018T2;205,9
K Actividades financieras y de seguros;Hombres;Valor absoluto;2018T1;225,8
K Actividades financieras y de seguros;Hombres;Valor absoluto;2017T4;222,0
K Actividades financieras y de seguros;Hombres;Valor absoluto;2017T3;241,1
K Actividades financieras y de seguros;Hombres;Valor absoluto;2017T2;235,5
K Actividades financieras y de seguros;Hombres;Valor absoluto;2017T1;227,5
K Actividades financieras y de seguros;Mujeres;Valor absoluto;2019T4;232,5
K Actividades financieras y de seguros;Mujeres;Valor absoluto;2019T3;223,0
K Actividades financieras y de seguros;Mujeres;Valor absoluto;2019T2;227,7
K Actividades financieras y de seguros;Mujeres;Valor absoluto;2019T1;227,3
K Actividades financieras y de seguros;Mujeres;Valor absoluto;2018T4;233,0
K Actividades financieras y de seguros;Mujeres;Valor absoluto;2018T3;221,9
K Actividades financieras y de seguros;Mujeres;Valor absoluto;2018T2;215,5
K Actividades financieras y de seguros;Mujeres;Valor absoluto;2018T1;227,2
K Actividades financieras y de seguros;Mujeres;Valor absoluto;2017T4;216,6
K Actividades financieras y de seguros;Mujeres;Valor absoluto;2017T3;213,5
K Actividades financieras y de seguros;Mujeres;Valor absoluto;2017T2;207,6
K Actividades financieras y de seguros;Mujeres;Valor absoluto;2017T1;221,3
L Actividades inmobiliarias;Ambos sexos;Valor absoluto;2019T4;148,8
L Actividades inmobiliarias;Ambos sexos;Valor absoluto;2019T3;150,2
L Actividades inmobiliarias;Ambos sexos;Valor absoluto;2019T2;157,7
L Actividades inmobiliarias;Ambos sexos;Valor absoluto;2019T1;160,5
L Actividades inmobiliarias;Ambos sexos;Valor absoluto;2018T4;155,7
L Actividades inmobiliarias;Ambos sexos;Valor absoluto;2018T3;157,5
L Actividades inmobiliarias;Ambos sexos;Valor absoluto;2018T2;149,1
L Actividades inmobiliarias;Ambos sexos;Valor absoluto;2018T1;136,0
L Actividades inmobiliarias;Ambos sexos;Valor absoluto;2017T4;130,9
L Actividades inmobiliarias;Ambos sexos;Valor absoluto;2017T3;129,0
L Actividades inmobiliarias;Ambos sexos;Valor absoluto;2017T2;132,9
L Actividades inmobiliarias;Ambos sexos;Valor absoluto;2017T1;125,5
L Actividades inmobiliarias;Hombres;Valor absoluto;2019T4;67,9
L Actividades inmobiliarias;Hombres;Valor absoluto;2019T3;69,7
L Actividades inmobiliarias;Hombres;Valor absoluto;2019T2;73,8
L Actividades inmobiliarias;Hombres;Valor absoluto;2019T1;73,6
L Actividades inmobiliarias;Hombres;Valor absoluto;2018T4;71,7
L Actividades inmobiliarias;Hombres;Valor absoluto;2018T3;73,5
L Actividades inmobiliarias;Hombres;Valor absoluto;2018T2;65,9
L Actividades inmobiliarias;Hombres;Valor absoluto;2018T1;61,3
L Actividades inmobiliarias;Hombres;Valor absoluto;2017T4;56,5
L Actividades inmobiliarias;Hombres;Valor absoluto;2017T3;58,3
L Actividades inmobiliarias;Hombres;Valor absoluto;2017T2;60,5
L Actividades inmobiliarias;Hombres;Valor absoluto;2017T1;54,4
L Actividades inmobiliarias;Mujeres;Valor absoluto;2019T4;80,8
L Actividades inmobiliarias;Mujeres;Valor absoluto;2019T3;80,5
L Actividades inmobiliarias;Mujeres;Valor absoluto;2019T2;83,9
L Actividades inmobiliarias;Mujeres;Valor absoluto;2019T1;86,9
L Actividades inmobiliarias;Mujeres;Valor absoluto;2018T4;83,9
L Actividades inmobiliarias;Mujeres;Valor absoluto;2018T3;84,0
L Actividades inmobiliarias;Mujeres;Valor absoluto;2018T2;83,2
L Actividades inmobiliarias;Mujeres;Valor absoluto;2018T1;74,7
L Actividades inmobiliarias;Mujeres;Valor absoluto;2017T4;74,4
L Actividades inmobiliarias;Mujeres;Valor absoluto;2017T3;70,7
L Actividades inmobiliarias;Mujeres;Valor absoluto;2017T2;72,4
L Actividades inmobiliarias;Mujeres;Valor absoluto;2017T1;71,2
M Actividades profesionales, científicas y técnicas;Ambos sexos;Valor absoluto;2019T4;1.036,9
M Actividades profesionales, científicas y técnicas;Ambos sexos;Valor absoluto;2019T3;1.025,5
M Actividades profesionales, científicas y técnicas;Ambos sexos;Valor absoluto;2019T2;1.020,3
M Actividades profesionales, científicas y técnicas;Ambos sexos;Valor absoluto;2019T1;1.006,9
M Actividades profesionales, científicas y técnicas;Ambos sexos;Valor absoluto;2018T4;982,1
M Actividades profesionales, científicas y técnicas;Ambos sexos;Valor absoluto;2018T3;982,4
M Actividades profesionales, científicas y técnicas;Ambos sexos;Valor absoluto;2018T2;989,1
M Actividades profesionales, científicas y técnicas;Ambos sexos;Valor absoluto;2018T1;974,3
M Actividades profesionales, científicas y técnicas;Ambos sexos;Valor absoluto;2017T4;974,6
M Actividades profesionales, científicas y técnicas;Ambos sexos;Valor absoluto;2017T3;990,5
M Actividades profesionales, científicas y técnicas;Ambos sexos;Valor absoluto;2017T2;982,8
M Actividades profesionales, científicas y técnicas;Ambos sexos;Valor absoluto;2017T1;960,4
M Actividades profesionales, científicas y técnicas;Hombres;Valor absoluto;2019T4;517,4
M Actividades profesionales, científicas y técnicas;Hombres;Valor absoluto;2019T3;511,0
M Actividades profesionales, científicas y técnicas;Hombres;Valor absoluto;2019T2;516,0
M Actividades profesionales, científicas y técnicas;Hombres;Valor absoluto;2019T1;500,6
M Actividades profesionales, científicas y técnicas;Hombres;Valor absoluto;2018T4;501,4
M Actividades profesionales, científicas y técnicas;Hombres;Valor absoluto;2018T3;498,1
M Actividades profesionales, científicas y técnicas;Hombres;Valor absoluto;2018T2;506,3
M Actividades profesionales, científicas y técnicas;Hombres;Valor absoluto;2018T1;497,3
M Actividades profesionales, científicas y técnicas;Hombres;Valor absoluto;2017T4;499,2
M Actividades profesionales, científicas y técnicas;Hombres;Valor absoluto;2017T3;519,1
M Actividades profesionales, científicas y técnicas;Hombres;Valor absoluto;2017T2;512,6
M Actividades profesionales, científicas y técnicas;Hombres;Valor absoluto;2017T1;485,9
M Actividades profesionales, científicas y técnicas;Mujeres;Valor absoluto;2019T4;519,5
M Actividades profesionales, científicas y técnicas;Mujeres;Valor absoluto;2019T3;514,5
M Actividades profesionales, científicas y técnicas;Mujeres;Valor absoluto;2019T2;504,3
M Actividades profesionales, científicas y técnicas;Mujeres;Valor absoluto;2019T1;506,3
M Actividades profesionales, científicas y técnicas;Mujeres;Valor absoluto;2018T4;480,7
M Actividades profesionales, científicas y técnicas;Mujeres;Valor absoluto;2018T3;484,3
M Actividades profesionales, científicas y técnicas;Mujeres;Valor absoluto;2018T2;482,8
M Actividades profesionales, científicas y técnicas;Mujeres;Valor absoluto;2018T1;477,1
M Actividades profesionales, científicas y técnicas;Mujeres;Valor absoluto;2017T4;475,4
M Actividades profesionales, científicas y técnicas;Mujeres;Valor absoluto;2017T3;471,4
M Actividades profesionales, científicas y técnicas;Mujeres;Valor absoluto;2017T2;470,2
M Actividades profesionales, científicas y técnicas;Mujeres;Valor absoluto;2017T1;474,4
N Actividades administrativas y servicios auxiliares;Ambos sexos;Valor absoluto;2019T4;1.054,2
N Actividades administrativas y servicios auxiliares;Ambos sexos;Valor absoluto;2019T3;1.055,2
N Actividades administrativas y servicios auxiliares;Ambos sexos;Valor absoluto;2019T2;1.028,5
N Actividades administrativas y servicios auxiliares;Ambos sexos;Valor absoluto;2019T1;984,0
N Actividades administrativas y servicios auxiliares;Ambos sexos;Valor absoluto;2018T4;1.019,4
N Actividades administrativas y servicios auxiliares;Ambos sexos;Valor absoluto;2018T3;1.006,9
N Actividades administrativas y servicios auxiliares;Ambos sexos;Valor absoluto;2018T2;988,6
N Actividades administrativas y servicios auxiliares;Ambos sexos;Valor absoluto;2018T1;916,9
N Actividades administrativas y servicios auxiliares;Ambos sexos;Valor absoluto;2017T4;929,3
N Actividades administrativas y servicios auxiliares;Ambos sexos;Valor absoluto;2017T3;939,6
N Actividades administrativas y servicios auxiliares;Ambos sexos;Valor absoluto;2017T2;930,0
N Actividades administrativas y servicios auxiliares;Ambos sexos;Valor absoluto;2017T1;941,8
N Actividades administrativas y servicios auxiliares;Hombres;Valor absoluto;2019T4;489,4
N Actividades administrativas y servicios auxiliares;Hombres;Valor absoluto;2019T3;485,6
N Actividades administrativas y servicios auxiliares;Hombres;Valor absoluto;2019T2;463,9
N Actividades administrativas y servicios auxiliares;Hombres;Valor absoluto;2019T1;457,0
N Actividades administrativas y servicios auxiliares;Hombres;Valor absoluto;2018T4;462,4
N Actividades administrativas y servicios auxiliares;Hombres;Valor absoluto;2018T3;450,6
N Actividades administrativas y servicios auxiliares;Hombres;Valor absoluto;2018T2;429,5
N Actividades administrativas y servicios auxiliares;Hombres;Valor absoluto;2018T1;414,4
N Actividades administrativas y servicios auxiliares;Hombres;Valor absoluto;2017T4;417,9
N Actividades administrativas y servicios auxiliares;Hombres;Valor absoluto;2017T3;426,5
N Actividades administrativas y servicios auxiliares;Hombres;Valor absoluto;2017T2;431,7
N Actividades administrativas y servicios auxiliares;Hombres;Valor absoluto;2017T1;436,5
N Actividades administrativas y servicios auxiliares;Mujeres;Valor absoluto;2019T4;564,7
N Actividades administrativas y servicios auxiliares;Mujeres;Valor absoluto;2019T3;569,6
N Actividades administrativas y servicios auxiliares;Mujeres;Valor absoluto;2019T2;564,7
N Actividades administrativas y servicios auxiliares;Mujeres;Valor absoluto;2019T1;527,1
N Actividades administrativas y servicios auxiliares;Mujeres;Valor absoluto;2018T4;557,0
N Actividades administrativas y servicios auxiliares;Mujeres;Valor absoluto;2018T3;556,3
N Actividades administrativas y servicios auxiliares;Mujeres;Valor absoluto;2018T2;559,1
N Actividades administrativas y servicios auxiliares;Mujeres;Valor absoluto;2018T1;502,5
N Actividades administrativas y servicios auxiliares;Mujeres;Valor absoluto;2017T4;511,3
N Actividades administrativas y servicios auxiliares;Mujeres;Valor absoluto;2017T3;513,0
N Actividades administrativas y servicios auxiliares;Mujeres;Valor absoluto;2017T2;498,3
N Actividades administrativas y servicios auxiliares;Mujeres;Valor absoluto;2017T1;505,2
O Administración Pública y defensa, Seguridad Social obligatoria;Ambos sexos;Valor absoluto;2019T4;1.353,9
O Administración Pública y defensa, Seguridad Social obligatoria;Ambos sexos;Valor absoluto;2019T3;1.346,6
O Administración Pública y defensa, Seguridad Social obligatoria;Ambos sexos;Valor absoluto;2019T2;1.344,1
O Administración Pública y defensa, Seguridad Social obligatoria;Ambos sexos;Valor absoluto;2019T1;1.339,8
O Administración Pública y defensa, Seguridad Social obligatoria;Ambos sexos;Valor absoluto;2018T4;1.359,9
O Administración Pública y defensa, Seguridad Social obligatoria;Ambos sexos;Valor absoluto;2018T3;1.358,1
O Administración Pública y defensa, Seguridad Social obligatoria;Ambos sexos;Valor absoluto;2018T2;1.333,6
O Administración Pública y defensa, Seguridad Social obligatoria;Ambos sexos;Valor absoluto;2018T1;1.327,1
O Administración Pública y defensa, Seguridad Social obligatoria;Ambos sexos;Valor absoluto;2017T4;1.329,5
O Administración Pública y defensa, Seguridad Social obligatoria;Ambos sexos;Valor absoluto;2017T3;1.312,5
O Administración Pública y defensa, Seguridad Social obligatoria;Ambos sexos;Valor absoluto;2017T2;1.266,5
O Administración Pública y defensa, Seguridad Social obligatoria;Ambos sexos;Valor absoluto;2017T1;1.257,3
O Administración Pública y defensa, Seguridad Social obligatoria;Hombres;Valor absoluto;2019T4;754,0
O Administración Pública y defensa, Seguridad Social obligatoria;Hombres;Valor absoluto;2019T3;754,5
O Administración Pública y defensa, Seguridad Social obligatoria;Hombres;Valor absoluto;2019T2;761,7
O Administración Pública y defensa, Seguridad Social obligatoria;Hombres;Valor absoluto;2019T1;767,6
O Administración Pública y defensa, Seguridad Social obligatoria;Hombres;Valor absoluto;2018T4;780,0
O Administración Pública y defensa, Seguridad Social obligatoria;Hombres;Valor absoluto;2018T3;795,8
O Administración Pública y defensa, Seguridad Social obligatoria;Hombres;Valor absoluto;2018T2;781,9
O Administración Pública y defensa, Seguridad Social obligatoria;Hombres;Valor absoluto;2018T1;774,0
O Administración Pública y defensa, Seguridad Social obligatoria;Hombres;Valor absoluto;2017T4;776,6
O Administración Pública y defensa, Seguridad Social obligatoria;Hombres;Valor absoluto;2017T3;770,6
O Administración Pública y defensa, Seguridad Social obligatoria;Hombres;Valor absoluto;2017T2;745,3
O Administración Pública y defensa, Seguridad Social obligatoria;Hombres;Valor absoluto;2017T1;730,2
O Administración Pública y defensa, Seguridad Social obligatoria;Mujeres;Valor absoluto;2019T4;599,9
O Administración Pública y defensa, Seguridad Social obligatoria;Mujeres;Valor absoluto;2019T3;592,1
O Administración Pública y defensa, Seguridad Social obligatoria;Mujeres;Valor absoluto;2019T2;582,3
O Administración Pública y defensa, Seguridad Social obligatoria;Mujeres;Valor absoluto;2019T1;572,2
O Administración Pública y defensa, Seguridad Social obligatoria;Mujeres;Valor absoluto;2018T4;579,9
O Administración Pública y defensa, Seguridad Social obligatoria;Mujeres;Valor absoluto;2018T3;562,3
O Administración Pública y defensa, Seguridad Social obligatoria;Mujeres;Valor absoluto;2018T2;551,7
O Administración Pública y defensa, Seguridad Social obligatoria;Mujeres;Valor absoluto;2018T1;553,1
O Administración Pública y defensa, Seguridad Social obligatoria;Mujeres;Valor absoluto;2017T4;552,9
O Administración Pública y defensa, Seguridad Social obligatoria;Mujeres;Valor absoluto;2017T3;541,8
O Administración Pública y defensa, Seguridad Social obligatoria;Mujeres;Valor absoluto;2017T2;521,2
O Administración Pública y defensa, Seguridad Social obligatoria;Mujeres;Valor absoluto;2017T1;527,2
P Educación;Ambos sexos;Valor absoluto;2019T4;1.375,8
P Educación;Ambos sexos;Valor absoluto;2019T3;1.275,6
P Educación;Ambos sexos;Valor absoluto;2019T2;1.408,8
P Educación;Ambos sexos;Valor absoluto;2019T1;1.434,0
P Educación;Ambos sexos;Valor absoluto;2018T4;1.387,8
P Educación;Ambos sexos;Valor absoluto;2018T3;1.241,6
P Educación;Ambos sexos;Valor absoluto;2018T2;1.336,8
P Educación;Ambos sexos;Valor absoluto;2018T1;1.323,0
P Educación;Ambos sexos;Valor absoluto;2017T4;1.276,6
P Educación;Ambos sexos;Valor absoluto;2017T3;1.167,1
P Educación;Ambos sexos;Valor absoluto;2017T2;1.296,7
P Educación;Ambos sexos;Valor absoluto;2017T1;1.297,4
P Educación;Hombres;Valor absoluto;2019T4;448,9
P Educación;Hombres;Valor absoluto;2019T3;438,2
P Educación;Hombres;Valor absoluto;2019T2;463,3
P Educación;Hombres;Valor absoluto;2019T1;467,5
P Educación;Hombres;Valor absoluto;2018T4;461,4
P Educación;Hombres;Valor absoluto;2018T3;407,4
P Educación;Hombres;Valor absoluto;2018T2;437,6
P Educación;Hombres;Valor absoluto;2018T1;425,4
P Educación;Hombres;Valor absoluto;2017T4;414,3
P Educación;Hombres;Valor absoluto;2017T3;385,9
P Educación;Hombres;Valor absoluto;2017T2;424,1
P Educación;Hombres;Valor absoluto;2017T1;437,8
P Educación;Mujeres;Valor absoluto;2019T4;926,9
P Educación;Mujeres;Valor absoluto;2019T3;837,4
P Educación;Mujeres;Valor absoluto;2019T2;945,5
P Educación;Mujeres;Valor absoluto;2019T1;966,5
P Educación;Mujeres;Valor absoluto;2018T4;926,5
P Educación;Mujeres;Valor absoluto;2018T3;834,2
P Educación;Mujeres;Valor absoluto;2018T2;899,2
P Educación;Mujeres;Valor absoluto;2018T1;897,5
P Educación;Mujeres;Valor absoluto;2017T4;862,3
P Educación;Mujeres;Valor absoluto;2017T3;781,2
P Educación;Mujeres;Valor absoluto;2017T2;872,6
P Educación;Mujeres;Valor absoluto;2017T1;859,7
Q Actividades sanitarias y de servicios sociales;Ambos sexos;Valor absoluto;2019T4;1.746,1
Q Actividades sanitarias y de servicios sociales;Ambos sexos;Valor absoluto;2019T3;1.727,3
Q Actividades sanitarias y de servicios sociales;Ambos sexos;Valor absoluto;2019T2;1.636,4
Q Actividades sanitarias y de servicios sociales;Ambos sexos;Valor absoluto;2019T1;1.615,1
Q Actividades sanitarias y de servicios sociales;Ambos sexos;Valor absoluto;2018T4;1.631,5
Q Actividades sanitarias y de servicios sociales;Ambos sexos;Valor absoluto;2018T3;1.662,2
Q Actividades sanitarias y de servicios sociales;Ambos sexos;Valor absoluto;2018T2;1.594,2
Q Actividades sanitarias y de servicios sociales;Ambos sexos;Valor absoluto;2018T1;1.571,3
Q Actividades sanitarias y de servicios sociales;Ambos sexos;Valor absoluto;2017T4;1.572,1
Q Actividades sanitarias y de servicios sociales;Ambos sexos;Valor absoluto;2017T3;1.618,4
Q Actividades sanitarias y de servicios sociales;Ambos sexos;Valor absoluto;2017T2;1.547,7
Q Actividades sanitarias y de servicios sociales;Ambos sexos;Valor absoluto;2017T1;1.521,4
Q Actividades sanitarias y de servicios sociales;Hombres;Valor absoluto;2019T4;409,0
Q Actividades sanitarias y de servicios sociales;Hombres;Valor absoluto;2019T3;403,9
Q Actividades sanitarias y de servicios sociales;Hombres;Valor absoluto;2019T2;387,0
Q Actividades sanitarias y de servicios sociales;Hombres;Valor absoluto;2019T1;387,8
Q Actividades sanitarias y de servicios sociales;Hombres;Valor absoluto;2018T4;380,9
Q Actividades sanitarias y de servicios sociales;Hombres;Valor absoluto;2018T3;389,7
Q Actividades sanitarias y de servicios sociales;Hombres;Valor absoluto;2018T2;361,8
Q Actividades sanitarias y de servicios sociales;Hombres;Valor absoluto;2018T1;362,5
Q Actividades sanitarias y de servicios sociales;Hombres;Valor absoluto;2017T4;350,7
Q Actividades sanitarias y de servicios sociales;Hombres;Valor absoluto;2017T3;363,0
Q Actividades sanitarias y de servicios sociales;Hombres;Valor absoluto;2017T2;335,3
Q Actividades sanitarias y de servicios sociales;Hombres;Valor absoluto;2017T1;334,6
Q Actividades sanitarias y de servicios sociales;Mujeres;Valor absoluto;2019T4;1.337,1
Q Actividades sanitarias y de servicios sociales;Mujeres;Valor absoluto;2019T3;1.323,5
Q Actividades sanitarias y de servicios sociales;Mujeres;Valor absoluto;2019T2;1.249,4
Q Actividades sanitarias y de servicios sociales;Mujeres;Valor absoluto;2019T1;1.227,3
Q Actividades sanitarias y de servicios sociales;Mujeres;Valor absoluto;2018T4;1.250,6
Q Actividades sanitarias y de servicios sociales;Mujeres;Valor absoluto;2018T3;1.272,4
Q Actividades sanitarias y de servicios sociales;Mujeres;Valor absoluto;2018T2;1.232,3
Q Actividades sanitarias y de servicios sociales;Mujeres;Valor absoluto;2018T1;1.208,8
Q Actividades sanitarias y de servicios sociales;Mujeres;Valor absoluto;2017T4;1.221,4
Q Actividades sanitarias y de servicios sociales;Mujeres;Valor absoluto;2017T3;1.255,4
Q Actividades sanitarias y de servicios sociales;Mujeres;Valor absoluto;2017T2;1.212,3
Q Actividades sanitarias y de servicios sociales;Mujeres;Valor absoluto;2017T1;1.186,8
R Actividades artísticas, recreativas y de entretenimiento;Ambos sexos;Valor absoluto;2019T4;413,6
R Actividades artísticas, recreativas y de entretenimiento;Ambos sexos;Valor absoluto;2019T3;420,0
R Actividades artísticas, recreativas y de entretenimiento;Ambos sexos;Valor absoluto;2019T2;390,1
R Actividades artísticas, recreativas y de entretenimiento;Ambos sexos;Valor absoluto;2019T1;397,0
R Actividades artísticas, recreativas y de entretenimiento;Ambos sexos;Valor absoluto;2018T4;394,4
R Actividades artísticas, recreativas y de entretenimiento;Ambos sexos;Valor absoluto;2018T3;404,4
R Actividades artísticas, recreativas y de entretenimiento;Ambos sexos;Valor absoluto;2018T2;374,9
R Actividades artísticas, recreativas y de entretenimiento;Ambos sexos;Valor absoluto;2018T1;373,6
R Actividades artísticas, recreativas y de entretenimiento;Ambos sexos;Valor absoluto;2017T4;381,4
R Actividades artísticas, recreativas y de entretenimiento;Ambos sexos;Valor absoluto;2017T3;408,7
R Actividades artísticas, recreativas y de entretenimiento;Ambos sexos;Valor absoluto;2017T2;386,0
R Actividades artísticas, recreativas y de entretenimiento;Ambos sexos;Valor absoluto;2017T1;366,5
R Actividades artísticas, recreativas y de entretenimiento;Hombres;Valor absoluto;2019T4;247,4
R Actividades artísticas, recreativas y de entretenimiento;Hombres;Valor absoluto;2019T3;254,3
R Actividades artísticas, recreativas y de entretenimiento;Hombres;Valor absoluto;2019T2;238,9
R Actividades artísticas, recreativas y de entretenimiento;Hombres;Valor absoluto;2019T1;231,3
R Actividades artísticas, recreativas y de entretenimiento;Hombres;Valor absoluto;2018T4;229,1
R Actividades artísticas, recreativas y de entretenimiento;Hombres;Valor absoluto;2018T3;235,3
R Actividades artísticas, recreativas y de entretenimiento;Hombres;Valor absoluto;2018T2;221,6
R Actividades artísticas, recreativas y de entretenimiento;Hombres;Valor absoluto;2018T1;205,5
R Actividades artísticas, recreativas y de entretenimiento;Hombres;Valor absoluto;2017T4;211,3
R Actividades artísticas, recreativas y de entretenimiento;Hombres;Valor absoluto;2017T3;244,4
R Actividades artísticas, recreativas y de entretenimiento;Hombres;Valor absoluto;2017T2;228,8
R Actividades artísticas, recreativas y de entretenimiento;Hombres;Valor absoluto;2017T1;223,1
R Actividades artísticas, recreativas y de entretenimiento;Mujeres;Valor absoluto;2019T4;166,2
R Actividades artísticas, recreativas y de entretenimiento;Mujeres;Valor absoluto;2019T3;165,7
R Actividades artísticas, recreativas y de entretenimiento;Mujeres;Valor absoluto;2019T2;151,2
R Actividades artísticas, recreativas y de entretenimiento;Mujeres;Valor absoluto;2019T1;165,7
R Actividades artísticas, recreativas y de entretenimiento;Mujeres;Valor absoluto;2018T4;165,3
R Actividades artísticas, recreativas y de entretenimiento;Mujeres;Valor absoluto;2018T3;169,2
R Actividades artísticas, recreativas y de entretenimiento;Mujeres;Valor absoluto;2018T2;153,3
R Actividades artísticas, recreativas y de entretenimiento;Mujeres;Valor absoluto;2018T1;168,1
R Actividades artísticas, recreativas y de entretenimiento;Mujeres;Valor absoluto;2017T4;170,1
R Actividades artísticas, recreativas y de entretenimiento;Mujeres;Valor absoluto;2017T3;164,3
R Actividades artísticas, recreativas y de entretenimiento;Mujeres;Valor absoluto;2017T2;157,2
R Actividades artísticas, recreativas y de entretenimiento;Mujeres;Valor absoluto;2017T1;143,4
S Otros servicios;Ambos sexos;Valor absoluto;2019T4;488,9
S Otros servicios;Ambos sexos;Valor absoluto;2019T3;490,3
S Otros servicios;Ambos sexos;Valor absoluto;2019T2;486,2
S Otros servicios;Ambos sexos;Valor absoluto;2019T1;445,7
S Otros servicios;Ambos sexos;Valor absoluto;2018T4;440,8
S Otros servicios;Ambos sexos;Valor absoluto;2018T3;458,1
S Otros servicios;Ambos sexos;Valor absoluto;2018T2;463,3
S Otros servicios;Ambos sexos;Valor absoluto;2018T1;459,0
S Otros servicios;Ambos sexos;Valor absoluto;2017T4;469,9
S Otros servicios;Ambos sexos;Valor absoluto;2017T3;459,9
S Otros servicios;Ambos sexos;Valor absoluto;2017T2;448,4
S Otros servicios;Ambos sexos;Valor absoluto;2017T1;432,6
S Otros servicios;Hombres;Valor absoluto;2019T4;163,3
S Otros servicios;Hombres;Valor absoluto;2019T3;165,1
S Otros servicios;Hombres;Valor absoluto;2019T2;155,6
S Otros servicios;Hombres;Valor absoluto;2019T1;146,7
S Otros servicios;Hombres;Valor absoluto;2018T4;153,1
S Otros servicios;Hombres;Valor absoluto;2018T3;147,4
S Otros servicios;Hombres;Valor absoluto;2018T2;151,3
S Otros servicios;Hombres;Valor absoluto;2018T1;148,3
S Otros servicios;Hombres;Valor absoluto;2017T4;160,2
S Otros servicios;Hombres;Valor absoluto;2017T3;156,3
S Otros servicios;Hombres;Valor absoluto;2017T2;152,3
S Otros servicios;Hombres;Valor absoluto;2017T1;153,4
S Otros servicios;Mujeres;Valor absoluto;2019T4;325,6
S Otros servicios;Mujeres;Valor absoluto;2019T3;325,2
S Otros servicios;Mujeres;Valor absoluto;2019T2;330,6
S Otros servicios;Mujeres;Valor absoluto;2019T1;299,0
S Otros servicios;Mujeres;Valor absoluto;2018T4;287,7
S Otros servicios;Mujeres;Valor absoluto;2018T3;310,7
S Otros servicios;Mujeres;Valor absoluto;2018T2;312,0
S Otros servicios;Mujeres;Valor absoluto;2018T1;310,7
S Otros servicios;Mujeres;Valor absoluto;2017T4;309,6
S Otros servicios;Mujeres;Valor absoluto;2017T3;303,6
S Otros servicios;Mujeres;Valor absoluto;2017T2;296,1
S Otros servicios;Mujeres;Valor absoluto;2017T1;279,2
T Actividades de los hogares como empleadores de personal doméstico, actividades de los hogares como productores de bienes y servicios para uso propio;Ambos sexos;Valor absoluto;2019T4;580,5
T Actividades de los hogares como empleadores de personal doméstico, actividades de los hogares como productores de bienes y servicios para uso propio;Ambos sexos;Valor absoluto;2019T3;570,6
T Actividades de los hogares como empleadores de personal doméstico, actividades de los hogares como productores de bienes y servicios para uso propio;Ambos sexos;Valor absoluto;2019T2;601,4
T Actividades de los hogares como empleadores de personal doméstico, actividades de los hogares como productores de bienes y servicios para uso propio;Ambos sexos;Valor absoluto;2019T1;628,2
T Actividades de los hogares como empleadores de personal doméstico, actividades de los hogares como productores de bienes y servicios para uso propio;Ambos sexos;Valor absoluto;2018T4;616,9
T Actividades de los hogares como empleadores de personal doméstico, actividades de los hogares como productores de bienes y servicios para uso propio;Ambos sexos;Valor absoluto;2018T3;625,5
T Actividades de los hogares como empleadores de personal doméstico, actividades de los hogares como productores de bienes y servicios para uso propio;Ambos sexos;Valor absoluto;2018T2;635,3
T Actividades de los hogares como empleadores de personal doméstico, actividades de los hogares como productores de bienes y servicios para uso propio;Ambos sexos;Valor absoluto;2018T1;637,7
T Actividades de los hogares como empleadores de personal doméstico, actividades de los hogares como productores de bienes y servicios para uso propio;Ambos sexos;Valor absoluto;2017T4;641,7
T Actividades de los hogares como empleadores de personal doméstico, actividades de los hogares como productores de bienes y servicios para uso propio;Ambos sexos;Valor absoluto;2017T3;638,3
T Actividades de los hogares como empleadores de personal doméstico, actividades de los hogares como productores de bienes y servicios para uso propio;Ambos sexos;Valor absoluto;2017T2;617,4
T Actividades de los hogares como empleadores de personal doméstico, actividades de los hogares como productores de bienes y servicios para uso propio;Ambos sexos;Valor absoluto;2017T1;629,5
T Actividades de los hogares como empleadores de personal doméstico, actividades de los hogares como productores de bienes y servicios para uso propio;Hombres;Valor absoluto;2019T4;78,8
T Actividades de los hogares como empleadores de personal doméstico, actividades de los hogares como productores de bienes y servicios para uso propio;Hombres;Valor absoluto;2019T3;73,1
T Actividades de los hogares como empleadores de personal doméstico, actividades de los hogares como productores de bienes y servicios para uso propio;Hombres;Valor absoluto;2019T2;72,9
T Actividades de los hogares como empleadores de personal doméstico, actividades de los hogares como productores de bienes y servicios para uso propio;Hombres;Valor absoluto;2019T1;66,8
T Actividades de los hogares como empleadores de personal doméstico, actividades de los hogares como productores de bienes y servicios para uso propio;Hombres;Valor absoluto;2018T4;68,3
T Actividades de los hogares como empleadores de personal doméstico, actividades de los hogares como productores de bienes y servicios para uso propio;Hombres;Valor absoluto;2018T3;78,0
T Actividades de los hogares como empleadores de personal doméstico, actividades de los hogares como productores de bienes y servicios para uso propio;Hombres;Valor absoluto;2018T2;70,2
T Actividades de los hogares como empleadores de personal doméstico, actividades de los hogares como productores de bienes y servicios para uso propio;Hombres;Valor absoluto;2018T1;74,6
T Actividades de los hogares como empleadores de personal doméstico, actividades de los hogares como productores de bienes y servicios para uso propio;Hombres;Valor absoluto;2017T4;78,2
T Actividades de los hogares como empleadores de personal doméstico, actividades de los hogares como productores de bienes y servicios para uso propio;Hombres;Valor absoluto;2017T3;76,8
T Actividades de los hogares como empleadores de personal doméstico, actividades de los hogares como productores de bienes y servicios para uso propio;Hombres;Valor absoluto;2017T2;76,0
T Actividades de los hogares como empleadores de personal doméstico, actividades de los hogares como productores de bienes y servicios para uso propio;Hombres;Valor absoluto;2017T1;73,3
T Actividades de los hogares como empleadores de personal doméstico, actividades de los hogares como productores de bienes y servicios para uso propio;Mujeres;Valor absoluto;2019T4;501,8
T Actividades de los hogares como empleadores de personal doméstico, actividades de los hogares como productores de bienes y servicios para uso propio;Mujeres;Valor absoluto;2019T3;497,6
T Actividades de los hogares como empleadores de personal doméstico, actividades de los hogares como productores de bienes y servicios para uso propio;Mujeres;Valor absoluto;2019T2;528,5
T Actividades de los hogares como empleadores de personal doméstico, actividades de los hogares como productores de bienes y servicios para uso propio;Mujeres;Valor absoluto;2019T1;561,5
T Actividades de los hogares como empleadores de personal doméstico, actividades de los hogares como productores de bienes y servicios para uso propio;Mujeres;Valor absoluto;2018T4;548,6
T Actividades de los hogares como empleadores de personal doméstico, actividades de los hogares como productores de bienes y servicios para uso propio;Mujeres;Valor absoluto;2018T3;547,5
T Actividades de los hogares como empleadores de personal doméstico, actividades de los hogares como productores de bienes y servicios para uso propio;Mujeres;Valor absoluto;2018T2;565,0
T Actividades de los hogares como empleadores de personal doméstico, actividades de los hogares como productores de bienes y servicios para uso propio;Mujeres;Valor absoluto;2018T1;563,0
T Actividades de los hogares como empleadores de personal doméstico, actividades de los hogares como productores de bienes y servicios para uso propio;Mujeres;Valor absoluto;2017T4;563,5
T Actividades de los hogares como empleadores de personal doméstico, actividades de los hogares como productores de bienes y servicios para uso propio;Mujeres;Valor absoluto;2017T3;561,5
T Actividades de los hogares como empleadores de personal doméstico, actividades de los hogares como productores de bienes y servicios para uso propio;Mujeres;Valor absoluto;2017T2;541,3
T Actividades de los hogares como empleadores de personal doméstico, actividades de los hogares como productores de bienes y servicios para uso propio;Mujeres;Valor absoluto;2017T1;556,2
U Actividades de organizaciones y organismos extraterritoriales;Ambos sexos;Valor absoluto;2019T4;1,9
U Actividades de organizaciones y organismos extraterritoriales;Ambos sexos;Valor absoluto;2019T3;2,0
U Actividades de organizaciones y organismos extraterritoriales;Ambos sexos;Valor absoluto;2019T2;4,5
U Actividades de organizaciones y organismos extraterritoriales;Ambos sexos;Valor absoluto;2019T1;3,8
U Actividades de organizaciones y organismos extraterritoriales;Ambos sexos;Valor absoluto;2018T4;4,0
U Actividades de organizaciones y organismos extraterritoriales;Ambos sexos;Valor absoluto;2018T3;2,5
U Actividades de organizaciones y organismos extraterritoriales;Ambos sexos;Valor absoluto;2018T2;1,9
U Actividades de organizaciones y organismos extraterritoriales;Ambos sexos;Valor absoluto;2018T1;1,8
U Actividades de organizaciones y organismos extraterritoriales;Ambos sexos;Valor absoluto;2017T4;3,9
U Actividades de organizaciones y organismos extraterritoriales;Ambos sexos;Valor absoluto;2017T3;3,2
U Actividades de organizaciones y organismos extraterritoriales;Ambos sexos;Valor absoluto;2017T2;3,3
U Actividades de organizaciones y organismos extraterritoriales;Ambos sexos;Valor absoluto;2017T1;3,4
U Actividades de organizaciones y organismos extraterritoriales;Hombres;Valor absoluto;2019T4;0,4
U Actividades de organizaciones y organismos extraterritoriales;Hombres;Valor absoluto;2019T3;0,7
U Actividades de organizaciones y organismos extraterritoriales;Hombres;Valor absoluto;2019T2;3,0
U Actividades de organizaciones y organismos extraterritoriales;Hombres;Valor absoluto;2019T1;2,2
U Actividades de organizaciones y organismos extraterritoriales;Hombres;Valor absoluto;2018T4;1,2
U Actividades de organizaciones y organismos extraterritoriales;Hombres;Valor absoluto;2018T3;1,7
U Actividades de organizaciones y organismos extraterritoriales;Hombres;Valor absoluto;2018T2;1,3
U Actividades de organizaciones y organismos extraterritoriales;Hombres;Valor absoluto;2018T1;..
U Actividades de organizaciones y organismos extraterritoriales;Hombres;Valor absoluto;2017T4;1,0
U Actividades de organizaciones y organismos extraterritoriales;Hombres;Valor absoluto;2017T3;0,3
U Actividades de organizaciones y organismos extraterritoriales;Hombres;Valor absoluto;2017T2;0,2
U Actividades de organizaciones y organismos extraterritoriales;Hombres;Valor absoluto;2017T1;0,9
U Actividades de organizaciones y organismos extraterritoriales;Mujeres;Valor absoluto;2019T4;1,5
U Actividades de organizaciones y organismos extraterritoriales;Mujeres;Valor absoluto;2019T3;1,2
U Actividades de organizaciones y organismos extraterritoriales;Mujeres;Valor absoluto;2019T2;1,5
U Actividades de organizaciones y organismos extraterritoriales;Mujeres;Valor absoluto;2019T1;1,7
U Actividades de organizaciones y organismos extraterritoriales;Mujeres;Valor absoluto;2018T4;2,8
U Actividades de organizaciones y organismos extraterritoriales;Mujeres;Valor absoluto;2018T3;0,8
U Actividades de organizaciones y organismos extraterritoriales;Mujeres;Valor absoluto;2018T2;0,6
U Actividades de organizaciones y organismos extraterritoriales;Mujeres;Valor absoluto;2018T1;1,8
U Actividades de organizaciones y organismos extraterritoriales;Mujeres;Valor absoluto;2017T4;2,9
U Actividades de organizaciones y organismos extraterritoriales;Mujeres;Valor absoluto;2017T3;2,9
U Actividades de organizaciones y organismos extraterritoriales;Mujeres;Valor absoluto;2017T2;3,1
U Actividades de organizaciones y organismos extraterritoriales;Mujeres;Valor absoluto;2017T1;2,4
