Grupo CNAE 2009,Sexo,Periodo,Total,Porcentaje
"A Agricultura, ganadería, silvicultura y pesca",Ambos sexos,2019T4,793.9,4.0
"A Agricultura, ganadería, silvicultura y pesca",Ambos sexos,2019T3,746.2,3.8
"A Agricultura, ganadería, silvicultura y pesca",Ambos sexos,2019T2,809.3,4.1
"A Agricultura, ganadería, silvicultura y pesca",Ambos sexos,2019T1,839.7,4.3
"A Agricultura, ganadería, silvicultura y pesca",Ambos sexos,2018T4,825.6,4.2
"A Agricultura, ganadería, silvicultura y pesca",Ambos sexos,2018T3,768.4,3.9
"A Agricultura, ganadería, silvicultura y pesca",Ambos sexos,2018T2,822.5,4.3
"A Agricultura, ganadería, silvicultura y pesca",Ambos sexos,2018T1,833.8,4.4
"A Agricultura, ganadería, silvicultura y pesca",Ambos sexos,2017T4,820.7,4.3
"A Agricultura, ganadería, silvicultura y pesca",Ambos sexos,2017T3,777.0,4.1
"A Agricultura, ganadería, silvicultura y pesca",Ambos sexos,2017T2,832.6,4.4
"A Agricultura, ganadería, silvicultura y pesca",Ambos sexos,2017T1,847.7,4.6
"A Agricultura, ganadería, silvicultura y pesca",Hombres,2019T4,618.5,5.7
"A Agricultura, ganadería, silvicultura y pesca",Hombres,2019T3,577.4,5.3
"A Agricultura, ganadería, silvicultura y pesca",Hombres,2019T2,618.8,5.8
"A Agricultura, ganadería, silvicultura y pesca",Hombres,2019T1,634.6,6.0
"A Agricultura, ganadería, silvicultura y pesca",Hombres,2018T4,630.4,5.9
"A Agricultura, ganadería, silvicultura y pesca",Hombres,2018T3,593.4,5.6
"A Agricultura, ganadería, silvicultura y pesca",Hombres,2018T2,624.3,5.9
"A Agricultura, ganadería, silvicultura y pesca",Hombres,2018T1,637.5,6.2
"A Agricultura, ganadería, silvicultura y pesca",Hombres,2017T4,625.4,6.0
"A Agricultura, ganadería, silvicultura y pesca",Hombres,2017T3,597.8,5.7
"A Agricultura, ganadería, silvicultura y pesca",Hombres,2017T2,630.1,6.1
"A Agricultura, ganadería, silvicultura y pesca",Hombres,2017T1,645.3,6.4
"A Agricultura, ganadería, silvicultura y pesca",Mujeres,2019T4,175.4,1.9
"A Agricultura, ganadería, silvicultura y pesca",Mujeres,2019T3,168.9,1.9
"A Agricultura, ganadería, silvicultura y pesca",Mujeres,2019T2,190.5,2.1
"A Agricultura, ganadería, silvicultura y pesca",Mujeres,2019T1,205.1,2.3
"A Agricultura, ganadería, silvicultura y pesca",Mujeres,2018T4,195.2,2.2
"A Agricultura, ganadería, silvicultura y pesca",Mujeres,2018T3,175.0,2.0
"A Agricultura, ganadería, silvicultura y pesca",Mujeres,2018T2,198.1,2.2
"A Agricultura, ganadería, silvicultura y pesca",Mujeres,2018T1,196.2,2.3
"A Agricultura, ganadería, silvicultura y pesca",Mujeres,2017T4,195.3,2.3
"A Agricultura, ganadería, silvicultura y pesca",Mujeres,2017T3,179.2,2.1
"A Agricultura, ganadería, silvicultura y pesca",Mujeres,2017T2,202.5,2.4
"A Agricultura, ganadería, silvicultura y pesca",Mujeres,2017T1,202.5,2.4
B Industrias extractivas,Ambos sexos,2019T4,32.3,0.2
B Industrias extractivas,Ambos sexos,2019T3,33.0,0.2
B Industrias extractivas,Ambos sexos,2019T2,33.2,0.2
B Industrias extractivas,Ambos sexos,2019T1,32.0,0.2
B Industrias extractivas,Ambos sexos,2018T4,34.6,0.2
B Industrias extractivas,Ambos sexos,2018T3,33.9,0.2
B Industrias extractivas,Ambos sexos,2018T2,31.2,0.2
B Industrias extractivas,Ambos sexos,2018T1,34.3,0.2
B Industrias extractivas,Ambos sexos,2017T4,32.4,0.2
B Industrias extractivas,Ambos sexos,2017T3,32.7,0.2
B Industrias extractivas,Ambos sexos,2017T2,32.0,0.2
B Industrias extractivas,Ambos sexos,2017T1,35.7,0.2
B Industrias extractivas,Hombres,2019T4,27.6,0.3
B Industrias extractivas,Hombres,2019T3,28.1,0.3
B Industrias extractivas,Hombres,2019T2,29.7,0.3
B Industrias extractivas,Hombres,2019T1,28.3,0.3
B Industrias extractivas,Hombres,2018T4,30.6,0.3
B Industrias extractivas,Hombres,2018T3,29.8,0.3
B Industrias extractivas,Hombres,2018T2,28.4,0.3
B Industrias extractivas,Hombres,2018T1,32.5,0.3
B Industrias extractivas,Hombres,2017T4,30.4,0.3
B Industrias extractivas,Hombres,2017T3,30.5,0.3
B Industrias extractivas,Hombres,2017T2,30.6,0.3
B Industrias extractivas,Hombres,2017T1,33.5,0.3
B Industrias extractivas,Mujeres,2019T4,4.7,0.1
B Industrias extractivas,Mujeres,2019T3,4.9,0.1
B Industrias extractivas,Mujeres,2019T2,3.6,0.0
B Industrias extractivas,Mujeres,2019T1,3.8,0.0
B Industrias extractivas,Mujeres,2018T4,4.0,0.0
B Industrias extractivas,Mujeres,2018T3,4.1,0.0
B Industrias extractivas,Mujeres,2018T2,2.9,0.0
B Industrias extractivas,Mujeres,2018T1,1.8,0.0
B Industrias extractivas,Mujeres,2017T4,2.0,0.0
B Industrias extractivas,Mujeres,2017T3,2.2,0.0
B Industrias extractivas,Mujeres,2017T2,1.4,0.0
B Industrias extractivas,Mujeres,2017T1,2.2,0.0
C Industria manufacturera,Ambos sexos,2019T4,2495.3,12.5
C Industria manufacturera,Ambos sexos,2019T3,2546.6,12.8
C Industria manufacturera,Ambos sexos,2019T2,2491.8,12.6
C Industria manufacturera,Ambos sexos,2019T1,2446.0,12.6
C Industria manufacturera,Ambos sexos,2018T4,2442.5,12.5
C Industria manufacturera,Ambos sexos,2018T3,2449.5,12.5
C Industria manufacturera,Ambos sexos,2018T2,2464.1,12.7
C Industria manufacturera,Ambos sexos,2018T1,2420.7,12.8
C Industria manufacturera,Ambos sexos,2017T4,2458.3,12.9
C Industria manufacturera,Ambos sexos,2017T3,2415.7,12.7
C Industria manufacturera,Ambos sexos,2017T2,2378.2,12.6
C Industria manufacturera,Ambos sexos,2017T1,2321.3,12.6
C Industria manufacturera,Hombres,2019T4,1801.0,16.7
C Industria manufacturera,Hombres,2019T3,1858.6,17.2
C Industria manufacturera,Hombres,2019T2,1815.9,16.9
C Industria manufacturera,Hombres,2019T1,1779.4,16.8
C Industria manufacturera,Hombres,2018T4,1801.0,16.9
C Industria manufacturera,Hombres,2018T3,1798.1,16.9
C Industria manufacturera,Hombres,2018T2,1807.2,17.2
C Industria manufacturera,Hombres,2018T1,1783.3,17.3
C Industria manufacturera,Hombres,2017T4,1822.0,17.6
C Industria manufacturera,Hombres,2017T3,1790.9,17.2
C Industria manufacturera,Hombres,2017T2,1763.6,17.2
C Industria manufacturera,Hombres,2017T1,1727.2,17.2
C Industria manufacturera,Mujeres,2019T4,694.3,7.6
C Industria manufacturera,Mujeres,2019T3,688.1,7.6
C Industria manufacturera,Mujeres,2019T2,675.9,7.5
C Industria manufacturera,Mujeres,2019T1,666.6,7.5
C Industria manufacturera,Mujeres,2018T4,641.5,7.2
C Industria manufacturera,Mujeres,2018T3,651.4,7.3
C Industria manufacturera,Mujeres,2018T2,656.9,7.5
C Industria manufacturera,Mujeres,2018T1,637.5,7.4
C Industria manufacturera,Mujeres,2017T4,636.3,7.3
C Industria manufacturera,Mujeres,2017T3,624.8,7.2
C Industria manufacturera,Mujeres,2017T2,614.6,7.2
C Industria manufacturera,Mujeres,2017T1,594.1,7.1
"D Suministro de energía eléctrica, gas, vapor y aire acondicionado",Ambos sexos,2019T4,90.4,0.5
"D Suministro de energía eléctrica, gas, vapor y aire acondicionado",Ambos sexos,2019T3,90.7,0.5
"D Suministro de energía eléctrica, gas, vapor y aire acondicionado",Ambos sexos,2019T2,92.3,0.5
"D Suministro de energía eléctrica, gas, vapor y aire acondicionado",Ambos sexos,2019T1,91.5,0.5
"D Suministro de energía eléctrica, gas, vapor y aire acondicionado",Ambos sexos,2018T4,88.0,0.4
"D Suministro de energía eléctrica, gas, vapor y aire acondicionado",Ambos sexos,2018T3,84.4,0.4
"D Suministro de energía eléctrica, gas, vapor y aire acondicionado",Ambos sexos,2018T2,76.6,0.4
"D Suministro de energía eléctrica, gas, vapor y aire acondicionado",Ambos sexos,2018T1,73.8,0.4
"D Suministro de energía eléctrica, gas, vapor y aire acondicionado",Ambos sexos,2017T4,76.5,0.4
"D Suministro de energía eléctrica, gas, vapor y aire acondicionado",Ambos sexos,2017T3,78.9,0.4
"D Suministro de energía eléctrica, gas, vapor y aire acondicionado",Ambos sexos,2017T2,91.5,0.5
"D Suministro de energía eléctrica, gas, vapor y aire acondicionado",Ambos sexos,2017T1,87.2,0.5
"D Suministro de energía eléctrica, gas, vapor y aire acondicionado",Hombres,2019T4,63.6,0.6
"D Suministro de energía eléctrica, gas, vapor y aire acondicionado",Hombres,2019T3,68.6,0.6
"D Suministro de energía eléctrica, gas, vapor y aire acondicionado",Hombres,2019T2,68.3,0.6
"D Suministro de energía eléctrica, gas, vapor y aire acondicionado",Hombres,2019T1,61.7,0.6
"D Suministro de energía eléctrica, gas, vapor y aire acondicionado",Hombres,2018T4,58.2,0.5
"D Suministro de energía eléctrica, gas, vapor y aire acondicionado",Hombres,2018T3,59.8,0.6
"D Suministro de energía eléctrica, gas, vapor y aire acondicionado",Hombres,2018T2,55.4,0.5
"D Suministro de energía eléctrica, gas, vapor y aire acondicionado",Hombres,2018T1,57.1,0.6
"D Suministro de energía eléctrica, gas, vapor y aire acondicionado",Hombres,2017T4,60.4,0.6
"D Suministro de energía eléctrica, gas, vapor y aire acondicionado",Hombres,2017T3,62.4,0.6
"D Suministro de energía eléctrica, gas, vapor y aire acondicionado",Hombres,2017T2,73.7,0.7
"D Suministro de energía eléctrica, gas, vapor y aire acondicionado",Hombres,2017T1,70.7,0.7
"D Suministro de energía eléctrica, gas, vapor y aire acondicionado",Mujeres,2019T4,26.8,0.3
"D Suministro de energía eléctrica, gas, vapor y aire acondicionado",Mujeres,2019T3,22.2,0.2
"D Suministro de energía eléctrica, gas, vapor y aire acondicionado",Mujeres,2019T2,24.0,0.3
"D Suministro de energía eléctrica, gas, vapor y aire acondicionado",Mujeres,2019T1,29.8,0.3
"D Suministro de energía eléctrica, gas, vapor y aire acondicionado",Mujeres,2018T4,29.8,0.3
"D Suministro de energía eléctrica, gas, vapor y aire acondicionado",Mujeres,2018T3,24.6,0.3
"D Suministro de energía eléctrica, gas, vapor y aire acondicionado",Mujeres,2018T2,21.2,0.2
"D Suministro de energía eléctrica, gas, vapor y aire acondicionado",Mujeres,2018T1,16.7,0.2
"D Suministro de energía eléctrica, gas, vapor y aire acondicionado",Mujeres,2017T4,16.1,0.2
"D Suministro de energía eléctrica, gas, vapor y aire acondicionado",Mujeres,2017T3,16.6,0.2
"D Suministro de energía eléctrica, gas, vapor y aire acondicionado",Mujeres,2017T2,17.8,0.2
"D Suministro de energía eléctrica, gas, vapor y aire acondicionado",Mujeres,2017T1,16.5,0.2
"E Suministro de agua, actividades de saneamiento, gestión de residuos y descontaminación",Ambos sexos,2019T4,145.6,0.7
"E Suministro de agua, actividades de saneamiento, gestión de residuos y descontaminación",Ambos sexos,2019T3,145.4,0.7
"E Suministro de agua, actividades de saneamiento, gestión de residuos y descontaminación",Ambos sexos,2019T2,147.3,0.7
"E Suministro de agua, actividades de saneamiento, gestión de residuos y descontaminación",Ambos sexos,2019T1,138.9,0.7
"E Suministro de agua, actividades de saneamiento, gestión de residuos y descontaminación",Ambos sexos,2018T4,143.2,0.7
"E Suministro de agua, actividades de saneamiento, gestión de residuos y descontaminación",Ambos sexos,2018T3,157.8,0.8
"E Suministro de agua, actividades de saneamiento, gestión de residuos y descontaminación",Ambos sexos,2018T2,150.9,0.8
"E Suministro de agua, actividades de saneamiento, gestión de residuos y descontaminación",Ambos sexos,2018T1,147.6,0.8
"E Suministro de agua, actividades de saneamiento, gestión de residuos y descontaminación",Ambos sexos,2017T4,144.1,0.8
"E Suministro de agua, actividades de saneamiento, gestión de residuos y descontaminación",Ambos sexos,2017T3,143.3,0.8
"E Suministro de agua, actividades de saneamiento, gestión de residuos y descontaminación",Ambos sexos,2017T2,134.9,0.7
"E Suministro de agua, actividades de saneamiento, gestión de residuos y descontaminación",Ambos sexos,2017T1,126.7,0.7
"E Suministro de agua, actividades de saneamiento, gestión de residuos y descontaminación",Hombres,2019T4,113.2,1.0
"E Suministro de agua, actividades de saneamiento, gestión de residuos y descontaminación",Hombres,2019T3,114.6,1.1
"E Suministro de agua, actividades de saneamiento, gestión de residuos y descontaminación",Hombres,2019T2,116.4,1.1
"E Suministro de agua, actividades de saneamiento, gestión de residuos y descontaminación",Hombres,2019T1,114.4,1.1
"E Suministro de agua, actividades de saneamiento, gestión de residuos y descontaminación",Hombres,2018T4,120.7,1.1
"E Suministro de agua, actividades de saneamiento, gestión de residuos y descontaminación",Hombres,2018T3,132.3,1.2
"E Suministro de agua, actividades de saneamiento, gestión de residuos y descontaminación",Hombres,2018T2,124.3,1.2
"E Suministro de agua, actividades de saneamiento, gestión de residuos y descontaminación",Hombres,2018T1,121.4,1.2
"E Suministro de agua, actividades de saneamiento, gestión de residuos y descontaminación",Hombres,2017T4,115.0,1.1
"E Suministro de agua, actividades de saneamiento, gestión de residuos y descontaminación",Hombres,2017T3,118.1,1.1
"E Suministro de agua, actividades de saneamiento, gestión de residuos y descontaminación",Hombres,2017T2,112.4,1.1
"E Suministro de agua, actividades de saneamiento, gestión de residuos y descontaminación",Hombres,2017T1,105.8,1.1
"E Suministro de agua, actividades de saneamiento, gestión de residuos y descontaminación",Mujeres,2019T4,32.5,0.4
"E Suministro de agua, actividades de saneamiento, gestión de residuos y descontaminación",Mujeres,2019T3,30.8,0.3
"E Suministro de agua, actividades de saneamiento, gestión de residuos y descontaminación",Mujeres,2019T2,30.8,0.3
"E Suministro de agua, actividades de saneamiento, gestión de residuos y descontaminación",Mujeres,2019T1,24.6,0.3
"E Suministro de agua, actividades de saneamiento, gestión de residuos y descontaminación",Mujeres,2018T4,22.5,0.3
"E Suministro de agua, actividades de saneamiento, gestión de residuos y descontaminación",Mujeres,2018T3,25.5,0.3
"E Suministro de agua, actividades de saneamiento, gestión de residuos y descontaminación",Mujeres,2018T2,26.6,0.3
"E Suministro de agua, actividades de saneamiento, gestión de residuos y descontaminación",Mujeres,2018T1,26.2,0.3
"E Suministro de agua, actividades de saneamiento, gestión de residuos y descontaminación",Mujeres,2017T4,29.1,0.3
"E Suministro de agua, actividades de saneamiento, gestión de residuos y descontaminación",Mujeres,2017T3,25.2,0.3
"E Suministro de agua, actividades de saneamiento, gestión de residuos y descontaminación",Mujeres,2017T2,22.5,0.3
"E Suministro de agua, actividades de saneamiento, gestión de residuos y descontaminación",Mujeres,2017T1,20.8,0.2
F Construcción,Ambos sexos,2019T4,1283.9,6.4
F Construcción,Ambos sexos,2019T3,1269.9,6.4
F Construcción,Ambos sexos,2019T2,1276.4,6.4
F Construcción,Ambos sexos,2019T1,1281.4,6.6
F Construcción,Ambos sexos,2018T4,1279.9,6.5
F Construcción,Ambos sexos,2018T3,1240.2,6.4
F Construcción,Ambos sexos,2018T2,1215.2,6.3
F Construcción,Ambos sexos,2018T1,1151.9,6.1
F Construcción,Ambos sexos,2017T4,1143.7,6.0
F Construcción,Ambos sexos,2017T3,1154.6,6.1
F Construcción,Ambos sexos,2017T2,1133.6,6.0
F Construcción,Ambos sexos,2017T1,1081.4,5.9
F Construcción,Hombres,2019T4,1176.3,10.9
F Construcción,Hombres,2019T3,1151.7,10.6
F Construcción,Hombres,2019T2,1158.1,10.8
F Construcción,Hombres,2019T1,1169.0,11.0
F Construcción,Hombres,2018T4,1164.3,10.9
F Construcción,Hombres,2018T3,1133.0,10.6
F Construcción,Hombres,2018T2,1108.8,10.5
F Construcción,Hombres,2018T1,1055.9,10.3
F Construcción,Hombres,2017T4,1042.4,10.1
F Construcción,Hombres,2017T3,1050.8,10.1
F Construcción,Hombres,2017T2,1037.1,10.1
F Construcción,Hombres,2017T1,986.5,9.8
F Construcción,Mujeres,2019T4,107.6,1.2
F Construcción,Mujeres,2019T3,118.2,1.3
F Construcción,Mujeres,2019T2,118.3,1.3
F Construcción,Mujeres,2019T1,112.4,1.3
F Construcción,Mujeres,2018T4,115.6,1.3
F Construcción,Mujeres,2018T3,107.2,1.2
F Construcción,Mujeres,2018T2,106.4,1.2
F Construcción,Mujeres,2018T1,96.0,1.1
F Construcción,Mujeres,2017T4,101.2,1.2
F Construcción,Mujeres,2017T3,103.8,1.2
F Construcción,Mujeres,2017T2,96.5,1.1
F Construcción,Mujeres,2017T1,94.9,1.1
G Comercio al por mayor y al por menor reparación de vehículos de motor y motocicletas,Ambos sexos,2019T4,3140.1,
G Comercio al por mayor y al por menor reparación de vehículos de motor y motocicletas,Ambos sexos,2019T3,3076.5,
G Comercio al por mayor y al por menor reparación de vehículos de motor y motocicletas,Ambos sexos,2019T2,3056.6,
G Comercio al por mayor y al por menor reparación de vehículos de motor y motocicletas,Ambos sexos,2019T1,3020.1,
G Comercio al por mayor y al por menor reparación de vehículos de motor y motocicletas,Ambos sexos,2018T4,3047.4,
G Comercio al por mayor y al por menor reparación de vehículos de motor y motocicletas,Ambos sexos,2018T3,3060.6,
G Comercio al por mayor y al por menor reparación de vehículos de motor y motocicletas,Ambos sexos,2018T2,2985.5,
G Comercio al por mayor y al por menor reparación de vehículos de motor y motocicletas,Ambos sexos,2018T1,2934.2,
G Comercio al por mayor y al por menor reparación de vehículos de motor y motocicletas,Ambos sexos,2017T4,2971.8,
G Comercio al por mayor y al por menor reparación de vehículos de motor y motocicletas,Ambos sexos,2017T3,3029.7,
G Comercio al por mayor y al por menor reparación de vehículos de motor y motocicletas,Ambos sexos,2017T2,2997.0,
G Comercio al por mayor y al por menor reparación de vehículos de motor y motocicletas,Ambos sexos,2017T1,2976.1,
G Comercio al por mayor y al por menor reparación de vehículos de motor y motocicletas,Hombres,2019T4,1590.8,
G Comercio al por mayor y al por menor reparación de vehículos de motor y motocicletas,Hombres,2019T3,1560.4,
G Comercio al por mayor y al por menor reparación de vehículos de motor y motocicletas,Hombres,2019T2,1549.0,
G Comercio al por mayor y al por menor reparación de vehículos de motor y motocicletas,Hombres,2019T1,1551.7,
G Comercio al por mayor y al por menor reparación de vehículos de motor y motocicletas,Hombres,2018T4,1522.3,
G Comercio al por mayor y al por menor reparación de vehículos de motor y motocicletas,Hombres,2018T3,1550.1,
G Comercio al por mayor y al por menor reparación de vehículos de motor y motocicletas,Hombres,2018T2,1508.6,
G Comercio al por mayor y al por menor reparación de vehículos de motor y motocicletas,Hombres,2018T1,1482.2,
G Comercio al por mayor y al por menor reparación de vehículos de motor y motocicletas,Hombres,2017T4,1504.4,
G Comercio al por mayor y al por menor reparación de vehículos de motor y motocicletas,Hombres,2017T3,1522.3,
G Comercio al por mayor y al por menor reparación de vehículos de motor y motocicletas,Hombres,2017T2,1498.3,
G Comercio al por mayor y al por menor reparación de vehículos de motor y motocicletas,Hombres,2017T1,1486.1,
G Comercio al por mayor y al por menor reparación de vehículos de motor y motocicletas,Mujeres,2019T4,1549.3,
G Comercio al por mayor y al por menor reparación de vehículos de motor y motocicletas,Mujeres,2019T3,1516.1,
G Comercio al por mayor y al por menor reparación de vehículos de motor y motocicletas,Mujeres,2019T2,1507.6,
G Comercio al por mayor y al por menor reparación de vehículos de motor y motocicletas,Mujeres,2019T1,1468.4,
G Comercio al por mayor y al por menor reparación de vehículos de motor y motocicletas,Mujeres,2018T4,1525.2,
G Comercio al por mayor y al por menor reparación de vehículos de motor y motocicletas,Mujeres,2018T3,1510.4,
G Comercio al por mayor y al por menor reparación de vehículos de motor y motocicletas,Mujeres,2018T2,1477.0,
G Comercio al por mayor y al por menor reparación de vehículos de motor y motocicletas,Mujeres,2018T1,1452.0,
G Comercio al por mayor y al por menor reparación de vehículos de motor y motocicletas,Mujeres,2017T4,1467.4,
G Comercio al por mayor y al por menor reparación de vehículos de motor y motocicletas,Mujeres,2017T3,1507.4,
G Comercio al por mayor y al por menor reparación de vehículos de motor y motocicletas,Mujeres,2017T2,1498.7,
G Comercio al por mayor y al por menor reparación de vehículos de motor y motocicletas,Mujeres,2017T1,1490.0,
H Transporte y almacenamiento,Ambos sexos,2019T4,1050.8,5.3
H Transporte y almacenamiento,Ambos sexos,2019T3,1028.1,5.2
H Transporte y almacenamiento,Ambos sexos,2019T2,1024.0,5.2
H Transporte y almacenamiento,Ambos sexos,2019T1,1021.6,5.2
H Transporte y almacenamiento,Ambos sexos,2018T4,1015.2,5.2
H Transporte y almacenamiento,Ambos sexos,2018T3,969.2,5.0
H Transporte y almacenamiento,Ambos sexos,2018T2,981.5,5.1
H Transporte y almacenamiento,Ambos sexos,2018T1,958.5,5.1
H Transporte y almacenamiento,Ambos sexos,2017T4,940.5,5.0
H Transporte y almacenamiento,Ambos sexos,2017T3,947.4,5.0
H Transporte y almacenamiento,Ambos sexos,2017T2,922.2,4.9
H Transporte y almacenamiento,Ambos sexos,2017T1,936.2,5.1
H Transporte y almacenamiento,Hombres,2019T4,836.0,7.7
H Transporte y almacenamiento,Hombres,2019T3,829.2,7.7
H Transporte y almacenamiento,Hombres,2019T2,823.6,7.7
H Transporte y almacenamiento,Hombres,2019T1,821.3,7.7
H Transporte y almacenamiento,Hombres,2018T4,816.4,7.7
H Transporte y almacenamiento,Hombres,2018T3,786.8,7.4
H Transporte y almacenamiento,Hombres,2018T2,801.6,7.6
H Transporte y almacenamiento,Hombres,2018T1,779.6,7.6
H Transporte y almacenamiento,Hombres,2017T4,760.9,7.4
H Transporte y almacenamiento,Hombres,2017T3,769.4,7.4
H Transporte y almacenamiento,Hombres,2017T2,745.0,7.3
H Transporte y almacenamiento,Hombres,2017T1,761.2,7.6
H Transporte y almacenamiento,Mujeres,2019T4,214.8,2.3
H Transporte y almacenamiento,Mujeres,2019T3,198.9,2.2
H Transporte y almacenamiento,Mujeres,2019T2,200.4,2.2
H Transporte y almacenamiento,Mujeres,2019T1,200.3,2.3
H Transporte y almacenamiento,Mujeres,2018T4,198.8,2.2
H Transporte y almacenamiento,Mujeres,2018T3,182.4,2.1
H Transporte y almacenamiento,Mujeres,2018T2,179.9,2.0
H Transporte y almacenamiento,Mujeres,2018T1,179.0,2.1
H Transporte y almacenamiento,Mujeres,2017T4,179.6,2.1
H Transporte y almacenamiento,Mujeres,2017T3,178.0,2.1
H Transporte y almacenamiento,Mujeres,2017T2,177.2,2.1
H Transporte y almacenamiento,Mujeres,2017T1,175.0,2.1
I Hostelería,Ambos sexos,2019T4,1692.9,8.5
I Hostelería,Ambos sexos,2019T3,1841.1,9.3
I Hostelería,Ambos sexos,2019T2,1747.1,8.8
I Hostelería,Ambos sexos,2019T1,1580.4,8.1
I Hostelería,Ambos sexos,2018T4,1667.3,8.5
I Hostelería,Ambos sexos,2018T3,1848.1,9.5
I Hostelería,Ambos sexos,2018T2,1757.0,9.1
I Hostelería,Ambos sexos,2018T1,1558.5,8.3
I Hostelería,Ambos sexos,2017T4,1654.5,8.7
I Hostelería,Ambos sexos,2017T3,1749.3,9.2
I Hostelería,Ambos sexos,2017T2,1658.8,8.8
I Hostelería,Ambos sexos,2017T1,1485.9,8.1
I Hostelería,Hombres,2019T4,791.4,7.3
I Hostelería,Hombres,2019T3,864.6,8.0
I Hostelería,Hombres,2019T2,795.3,7.4
I Hostelería,Hombres,2019T1,729.2,6.9
I Hostelería,Hombres,2018T4,774.2,7.3
I Hostelería,Hombres,2018T3,873.0,8.2
I Hostelería,Hombres,2018T2,827.5,7.9
I Hostelería,Hombres,2018T1,730.0,7.1
I Hostelería,Hombres,2017T4,771.3,7.5
I Hostelería,Hombres,2017T3,817.0,7.8
I Hostelería,Hombres,2017T2,768.2,7.5
I Hostelería,Hombres,2017T1,691.6,6.9
I Hostelería,Mujeres,2019T4,901.5,9.8
I Hostelería,Mujeres,2019T3,976.5,10.8
I Hostelería,Mujeres,2019T2,951.8,10.5
I Hostelería,Mujeres,2019T1,851.2,9.6
I Hostelería,Mujeres,2018T4,893.1,10.0
I Hostelería,Mujeres,2018T3,975.1,11.0
I Hostelería,Mujeres,2018T2,929.5,10.5
I Hostelería,Mujeres,2018T1,828.6,9.6
I Hostelería,Mujeres,2017T4,883.2,10.2
I Hostelería,Mujeres,2017T3,932.3,10.8
I Hostelería,Mujeres,2017T2,890.6,10.4
I Hostelería,Mujeres,2017T1,794.2,9.5
J Información y comunicaciones,Ambos sexos,2019T4,606.2,3.0
J Información y comunicaciones,Ambos sexos,2019T3,604.3,3.0
J Información y comunicaciones,Ambos sexos,2019T2,616.1,3.1
J Información y comunicaciones,Ambos sexos,2019T1,583.9,3.0
J Información y comunicaciones,Ambos sexos,2018T4,591.9,3.0
J Información y comunicaciones,Ambos sexos,2018T3,589.0,3.0
J Información y comunicaciones,Ambos sexos,2018T2,571.4,3.0
J Información y comunicaciones,Ambos sexos,2018T1,587.2,3.1
J Información y comunicaciones,Ambos sexos,2017T4,607.4,3.2
J Información y comunicaciones,Ambos sexos,2017T3,598.6,3.1
J Información y comunicaciones,Ambos sexos,2017T2,577.9,3.1
J Información y comunicaciones,Ambos sexos,2017T1,555.4,3.0
J Información y comunicaciones,Hombres,2019T4,411.4,3.8
J Información y comunicaciones,Hombres,2019T3,409.2,3.8
J Información y comunicaciones,Hombres,2019T2,433.9,4.0
J Información y comunicaciones,Hombres,2019T1,415.5,3.9
J Información y comunicaciones,Hombres,2018T4,422.2,4.0
J Información y comunicaciones,Hombres,2018T3,422.9,4.0
J Información y comunicaciones,Hombres,2018T2,408.9,3.9
J Información y comunicaciones,Hombres,2018T1,415.4,4.0
J Información y comunicaciones,Hombres,2017T4,419.1,4.1
J Información y comunicaciones,Hombres,2017T3,418.9,4.0
J Información y comunicaciones,Hombres,2017T2,395.3,3.9
J Información y comunicaciones,Hombres,2017T1,383.0,3.8
J Información y comunicaciones,Mujeres,2019T4,194.8,2.1
J Información y comunicaciones,Mujeres,2019T3,195.1,2.2
J Información y comunicaciones,Mujeres,2019T2,182.3,2.0
J Información y comunicaciones,Mujeres,2019T1,168.4,1.9
J Información y comunicaciones,Mujeres,2018T4,169.6,1.9
J Información y comunicaciones,Mujeres,2018T3,166.1,1.9
J Información y comunicaciones,Mujeres,2018T2,162.5,1.8
J Información y comunicaciones,Mujeres,2018T1,171.8,2.0
J Información y comunicaciones,Mujeres,2017T4,188.3,2.2
J Información y comunicaciones,Mujeres,2017T3,179.7,2.1
J Información y comunicaciones,Mujeres,2017T2,182.5,2.1
J Información y comunicaciones,Mujeres,2017T1,172.5,2.1
K Actividades financieras y de seguros,Ambos sexos,2019T4,434.7,2.2
K Actividades financieras y de seguros,Ambos sexos,2019T3,429.1,2.2
K Actividades financieras y de seguros,Ambos sexos,2019T2,432.8,2.2
K Actividades financieras y de seguros,Ambos sexos,2019T1,420.2,2.2
K Actividades financieras y de seguros,Ambos sexos,2018T4,436.4,2.2
K Actividades financieras y de seguros,Ambos sexos,2018T3,427.8,2.2
K Actividades financieras y de seguros,Ambos sexos,2018T2,421.3,2.2
K Actividades financieras y de seguros,Ambos sexos,2018T1,453.1,2.4
K Actividades financieras y de seguros,Ambos sexos,2017T4,438.6,2.3
K Actividades financieras y de seguros,Ambos sexos,2017T3,454.7,2.4
K Actividades financieras y de seguros,Ambos sexos,2017T2,443.1,2.4
K Actividades financieras y de seguros,Ambos sexos,2017T1,448.8,2.4
K Actividades financieras y de seguros,Hombres,2019T4,202.1,1.9
K Actividades financieras y de seguros,Hombres,2019T3,206.1,1.9
K Actividades financieras y de seguros,Hombres,2019T2,205.1,1.9
K Actividades financieras y de seguros,Hombres,2019T1,193.0,1.8
K Actividades financieras y de seguros,Hombres,2018T4,203.4,1.9
K Actividades financieras y de seguros,Hombres,2018T3,205.8,1.9
K Actividades financieras y de seguros,Hombres,2018T2,205.9,2.0
K Actividades financieras y de seguros,Hombres,2018T1,225.8,2.2
K Actividades financieras y de seguros,Hombres,2017T4,222.0,2.1
K Actividades financieras y de seguros,Hombres,2017T3,241.1,2.3
K Actividades financieras y de seguros,Hombres,2017T2,235.5,2.3
K Actividades financieras y de seguros,Hombres,2017T1,227.5,2.3
K Actividades financieras y de seguros,Mujeres,2019T4,232.5,2.5
K Actividades financieras y de seguros,Mujeres,2019T3,223.0,2.5
K Actividades financieras y de seguros,Mujeres,2019T2,227.7,2.5
K Actividades financieras y de seguros,Mujeres,2019T1,227.3,2.6
K Actividades financieras y de seguros,Mujeres,2018T4,233.0,2.6
K Actividades financieras y de seguros,Mujeres,2018T3,221.9,2.5
K Actividades financieras y de seguros,Mujeres,2018T2,215.5,2.4
K Actividades financieras y de seguros,Mujeres,2018T1,227.2,2.6
K Actividades financieras y de seguros,Mujeres,2017T4,216.6,2.5
K Actividades financieras y de seguros,Mujeres,2017T3,213.5,2.5
K Actividades financieras y de seguros,Mujeres,2017T2,207.6,2.4
K Actividades financieras y de seguros,Mujeres,2017T1,221.3,2.6
L Actividades inmobiliarias,Ambos sexos,2019T4,148.8,0.7
L Actividades inmobiliarias,Ambos sexos,2019T3,150.2,0.8
L Actividades inmobiliarias,Ambos sexos,2019T2,157.7,0.8
L Actividades inmobiliarias,Ambos sexos,2019T1,160.5,0.8
L Actividades inmobiliarias,Ambos sexos,2018T4,155.7,0.8
L Actividades inmobiliarias,Ambos sexos,2018T3,157.5,0.8
L Actividades inmobiliarias,Ambos sexos,2018T2,149.1,0.8
L Actividades inmobiliarias,Ambos sexos,2018T1,136.0,0.7
L Actividades inmobiliarias,Ambos sexos,2017T4,130.9,0.7
L Actividades inmobiliarias,Ambos sexos,2017T3,129.0,0.7
L Actividades inmobiliarias,Ambos sexos,2017T2,132.9,0.7
L Actividades inmobiliarias,Ambos sexos,2017T1,125.5,0.7
L Actividades inmobiliarias,Hombres,2019T4,67.9,0.6
L Actividades inmobiliarias,Hombres,2019T3,69.7,0.6
L Actividades inmobiliarias,Hombres,2019T2,73.8,0.7
L Actividades inmobiliarias,Hombres,2019T1,73.6,0.7
L Actividades inmobiliarias,Hombres,2018T4,71.7,0.7
L Actividades inmobiliarias,Hombres,2018T3,73.5,0.7
L Actividades inmobiliarias,Hombres,2018T2,65.9,0.6
L Actividades inmobiliarias,Hombres,2018T1,61.3,0.6
L Actividades inmobiliarias,Hombres,2017T4,56.5,0.5
L Actividades inmobiliarias,Hombres,2017T3,58.3,0.6
L Actividades inmobiliarias,Hombres,2017T2,60.5,0.6
L Actividades inmobiliarias,Hombres,2017T1,54.4,0.5
L Actividades inmobiliarias,Mujeres,2019T4,80.8,0.9
L Actividades inmobiliarias,Mujeres,2019T3,80.5,0.9
L Actividades inmobiliarias,Mujeres,2019T2,83.9,0.9
L Actividades inmobiliarias,Mujeres,2019T1,86.9,1.0
L Actividades inmobiliarias,Mujeres,2018T4,83.9,0.9
L Actividades inmobiliarias,Mujeres,2018T3,84.0,0.9
L Actividades inmobiliarias,Mujeres,2018T2,83.2,0.9
L Actividades inmobiliarias,Mujeres,2018T1,74.7,0.9
L Actividades inmobiliarias,Mujeres,2017T4,74.4,0.9
L Actividades inmobiliarias,Mujeres,2017T3,70.7,0.8
L Actividades inmobiliarias,Mujeres,2017T2,72.4,0.8
L Actividades inmobiliarias,Mujeres,2017T1,71.2,0.8
"M Actividades profesionales, científicas y técnicas",Ambos sexos,2019T4,1036.9,5.2
"M Actividades profesionales, científicas y técnicas",Ambos sexos,2019T3,1025.5,5.2
"M Actividades profesionales, científicas y técnicas",Ambos sexos,2019T2,1020.3,5.2
"M Actividades profesionales, científicas y técnicas",Ambos sexos,2019T1,1006.9,5.2
"M Actividades profesionales, científicas y técnicas",Ambos sexos,2018T4,982.1,5.0
"M Actividades profesionales, científicas y técnicas",Ambos sexos,2018T3,982.4,5.0
"M Actividades profesionales, científicas y técnicas",Ambos sexos,2018T2,989.1,5.1
"M Actividades profesionales, científicas y técnicas",Ambos sexos,2018T1,974.3,5.2
"M Actividades profesionales, científicas y técnicas",Ambos sexos,2017T4,974.6,5.1
"M Actividades profesionales, científicas y técnicas",Ambos sexos,2017T3,990.5,5.2
"M Actividades profesionales, científicas y técnicas",Ambos sexos,2017T2,982.8,5.2
"M Actividades profesionales, científicas y técnicas",Ambos sexos,2017T1,960.4,5.2
"M Actividades profesionales, científicas y técnicas",Hombres,2019T4,517.4,4.8
"M Actividades profesionales, científicas y técnicas",Hombres,2019T3,511.0,4.7
"M Actividades profesionales, científicas y técnicas",Hombres,2019T2,516.0,4.8
"M Actividades profesionales, científicas y técnicas",Hombres,2019T1,500.6,4.7
"M Actividades profesionales, científicas y técnicas",Hombres,2018T4,501.4,4.7
"M Actividades profesionales, científicas y técnicas",Hombres,2018T3,498.1,4.7
"M Actividades profesionales, científicas y técnicas",Hombres,2018T2,506.3,4.8
"M Actividades profesionales, científicas y técnicas",Hombres,2018T1,497.3,4.8
"M Actividades profesionales, científicas y técnicas",Hombres,2017T4,499.2,4.8
"M Actividades profesionales, científicas y técnicas",Hombres,2017T3,519.1,5.0
"M Actividades profesionales, científicas y técnicas",Hombres,2017T2,512.6,5.0
"M Actividades profesionales, científicas y técnicas",Hombres,2017T1,485.9,4.8
"M Actividades profesionales, científicas y técnicas",Mujeres,2019T4,519.5,5.7
"M Actividades profesionales, científicas y técnicas",Mujeres,2019T3,514.5,5.7
"M Actividades profesionales, científicas y técnicas",Mujeres,2019T2,504.3,5.6
"M Actividades profesionales, científicas y técnicas",Mujeres,2019T1,506.3,5.7
"M Actividades profesionales, científicas y técnicas",Mujeres,2018T4,480.7,5.4
"M Actividades profesionales, científicas y técnicas",Mujeres,2018T3,484.3,5.5
"M Actividades profesionales, científicas y técnicas",Mujeres,2018T2,482.8,5.5
"M Actividades profesionales, científicas y técnicas",Mujeres,2018T1,477.1,5.6
"M Actividades profesionales, científicas y técnicas",Mujeres,2017T4,475.4,5.5
"M Actividades profesionales, científicas y técnicas",Mujeres,2017T3,471.4,5.5
"M Actividades profesionales, científicas y técnicas",Mujeres,2017T2,470.2,5.5
"M Actividades profesionales, científicas y técnicas",Mujeres,2017T1,474.4,5.7
N Actividades administrativas y servicios auxiliares,Ambos sexos,2019T4,1054.2,5.3
N Actividades administrativas y servicios auxiliares,Ambos sexos,2019T3,1055.2,5.3
N Actividades administrativas y servicios auxiliares,Ambos sexos,2019T2,1028.5,5.2
N Actividades administrativas y servicios auxiliares,Ambos sexos,2019T1,984.0,5.1
N Actividades administrativas y servicios auxiliares,Ambos sexos,2018T4,1019.4,5.2
N Actividades administrativas y servicios auxiliares,Ambos sexos,2018T3,1006.9,5.2
N Actividades administrativas y servicios auxiliares,Ambos sexos,2018T2,988.6,5.1
N Actividades administrativas y servicios auxiliares,Ambos sexos,2018T1,916.9,4.9
N Actividades administrativas y servicios auxiliares,Ambos sexos,2017T4,929.3,4.9
N Actividades administrativas y servicios auxiliares,Ambos sexos,2017T3,939.6,4.9
N Actividades administrativas y servicios auxiliares,Ambos sexos,2017T2,930.0,4.9
N Actividades administrativas y servicios auxiliares,Ambos sexos,2017T1,941.8,5.1
N Actividades administrativas y servicios auxiliares,Hombres,2019T4,489.4,4.5
N Actividades administrativas y servicios auxiliares,Hombres,2019T3,485.6,4.5
N Actividades administrativas y servicios auxiliares,Hombres,2019T2,463.9,4.3
N Actividades administrativas y servicios auxiliares,Hombres,2019T1,457.0,4.3
N Actividades administrativas y servicios auxiliares,Hombres,2018T4,462.4,4.3
N Actividades administrativas y servicios auxiliares,Hombres,2018T3,450.6,4.2
N Actividades administrativas y servicios auxiliares,Hombres,2018T2,429.5,4.1
N Actividades administrativas y servicios auxiliares,Hombres,2018T1,414.4,4.0
N Actividades administrativas y servicios auxiliares,Hombres,2017T4,417.9,4.0
N Actividades administrativas y servicios auxiliares,Hombres,2017T3,426.5,4.1
N Actividades administrativas y servicios auxiliares,Hombres,2017T2,431.7,4.2
N Actividades administrativas y servicios auxiliares,Hombres,2017T1,436.5,4.3
N Actividades administrativas y servicios auxiliares,Mujeres,2019T4,564.7,6.2
N Actividades administrativas y servicios auxiliares,Mujeres,2019T3,569.6,6.3
N Actividades administrativas y servicios auxiliares,Mujeres,2019T2,564.7,6.2
N Actividades administrativas y servicios auxiliares,Mujeres,2019T1,527.1,5.9
N Actividades administrativas y servicios auxiliares,Mujeres,2018T4,557.0,6.3
N Actividades administrativas y servicios auxiliares,Mujeres,2018T3,556.3,6.3
N Actividades administrativas y servicios auxiliares,Mujeres,2018T2,559.1,6.3
N Actividades administrativas y servicios auxiliares,Mujeres,2018T1,502.5,5.8
N Actividades administrativas y servicios auxiliares,Mujeres,2017T4,511.3,5.9
N Actividades administrativas y servicios auxiliares,Mujeres,2017T3,513.0,5.9
N Actividades administrativas y servicios auxiliares,Mujeres,2017T2,498.3,5.8
N Actividades administrativas y servicios auxiliares,Mujeres,2017T1,505.2,6.0
O Administración Pública y defensa Seguridad Social obligatoria,Ambos sexos,2019T4,1353.9,
O Administración Pública y defensa Seguridad Social obligatoria,Ambos sexos,2019T3,1346.6,
O Administración Pública y defensa Seguridad Social obligatoria,Ambos sexos,2019T2,1344.1,
O Administración Pública y defensa Seguridad Social obligatoria,Ambos sexos,2019T1,1339.8,
O Administración Pública y defensa Seguridad Social obligatoria,Ambos sexos,2018T4,1359.9,
O Administración Pública y defensa Seguridad Social obligatoria,Ambos sexos,2018T3,1358.1,
O Administración Pública y defensa Seguridad Social obligatoria,Ambos sexos,2018T2,1333.6,
O Administración Pública y defensa Seguridad Social obligatoria,Ambos sexos,2018T1,1327.1,
O Administración Pública y defensa Seguridad Social obligatoria,Ambos sexos,2017T4,1329.5,
O Administración Pública y defensa Seguridad Social obligatoria,Ambos sexos,2017T3,1312.5,
O Administración Pública y defensa Seguridad Social obligatoria,Ambos sexos,2017T2,1266.5,
O Administración Pública y defensa Seguridad Social obligatoria,Ambos sexos,2017T1,1257.3,
O Administración Pública y defensa Seguridad Social obligatoria,Hombres,2019T4,754.0,
O Administración Pública y defensa Seguridad Social obligatoria,Hombres,2019T3,754.5,
O Administración Pública y defensa Seguridad Social obligatoria,Hombres,2019T2,761.7,
O Administración Pública y defensa Seguridad Social obligatoria,Hombres,2019T1,767.6,
O Administración Pública y defensa Seguridad Social obligatoria,Hombres,2018T4,780.0,
O Administración Pública y defensa Seguridad Social obligatoria,Hombres,2018T3,795.8,
O Administración Pública y defensa Seguridad Social obligatoria,Hombres,2018T2,781.9,
O Administración Pública y defensa Seguridad Social obligatoria,Hombres,2018T1,774.0,
O Administración Pública y defensa Seguridad Social obligatoria,Hombres,2017T4,776.6,
O Administración Pública y defensa Seguridad Social obligatoria,Hombres,2017T3,770.6,
O Administración Pública y defensa Seguridad Social obligatoria,Hombres,2017T2,745.3,
O Administración Pública y defensa Seguridad Social obligatoria,Hombres,2017T1,730.2,
O Administración Pública y defensa Seguridad Social obligatoria,Mujeres,2019T4,599.9,
O Administración Pública y defensa Seguridad Social obligatoria,Mujeres,2019T3,592.1,
O Administración Pública y defensa Seguridad Social obligatoria,Mujeres,2019T2,582.3,
O Administración Pública y defensa Seguridad Social obligatoria,Mujeres,2019T1,572.2,
O Administración Pública y defensa Seguridad Social obligatoria,Mujeres,2018T4,579.9,
O Administración Pública y defensa Seguridad Social obligatoria,Mujeres,2018T3,562.3,
O Administración Pública y defensa Seguridad Social obligatoria,Mujeres,2018T2,551.7,
O Administración Pública y defensa Seguridad Social obligatoria,Mujeres,2018T1,553.1,
O Administración Pública y defensa Seguridad Social obligatoria,Mujeres,2017T4,552.9,
O Administración Pública y defensa Seguridad Social obligatoria,Mujeres,2017T3,541.8,
O Administración Pública y defensa Seguridad Social obligatoria,Mujeres,2017T2,521.2,
O Administración Pública y defensa Seguridad Social obligatoria,Mujeres,2017T1,527.2,
P Educación,Ambos sexos,2019T4,1375.8,6.9
P Educación,Ambos sexos,2019T3,1275.6,6.4
P Educación,Ambos sexos,2019T2,1408.8,7.1
P Educación,Ambos sexos,2019T1,1434.0,7.4
P Educación,Ambos sexos,2018T4,1387.8,7.1
P Educación,Ambos sexos,2018T3,1241.6,6.4
P Educación,Ambos sexos,2018T2,1336.8,6.9
P Educación,Ambos sexos,2018T1,1323.0,7.0
P Educación,Ambos sexos,2017T4,1276.6,6.7
P Educación,Ambos sexos,2017T3,1167.1,6.1
P Educación,Ambos sexos,2017T2,1296.7,6.9
P Educación,Ambos sexos,2017T1,1297.4,7.0
P Educación,Hombres,2019T4,448.9,4.2
P Educación,Hombres,2019T3,438.2,4.0
P Educación,Hombres,2019T2,463.3,4.3
P Educación,Hombres,2019T1,467.5,4.4
P Educación,Hombres,2018T4,461.4,4.3
P Educación,Hombres,2018T3,407.4,3.8
P Educación,Hombres,2018T2,437.6,4.2
P Educación,Hombres,2018T1,425.4,4.1
P Educación,Hombres,2017T4,414.3,4.0
P Educación,Hombres,2017T3,385.9,3.7
P Educación,Hombres,2017T2,424.1,4.1
P Educación,Hombres,2017T1,437.8,4.4
P Educación,Mujeres,2019T4,926.9,10.1
P Educación,Mujeres,2019T3,837.4,9.3
P Educación,Mujeres,2019T2,945.5,10.4
P Educación,Mujeres,2019T1,966.5,10.9
P Educación,Mujeres,2018T4,926.5,10.4
P Educación,Mujeres,2018T3,834.2,9.4
P Educación,Mujeres,2018T2,899.2,10.2
P Educación,Mujeres,2018T1,897.5,10.4
P Educación,Mujeres,2017T4,862.3,10.0
P Educación,Mujeres,2017T3,781.2,9.1
P Educación,Mujeres,2017T2,872.6,10.2
P Educación,Mujeres,2017T1,859.7,10.2
Q Actividades sanitarias y de servicios sociales,Ambos sexos,2019T4,1746.1,8.7
Q Actividades sanitarias y de servicios sociales,Ambos sexos,2019T3,1727.3,8.7
Q Actividades sanitarias y de servicios sociales,Ambos sexos,2019T2,1636.4,8.3
Q Actividades sanitarias y de servicios sociales,Ambos sexos,2019T1,1615.1,8.3
Q Actividades sanitarias y de servicios sociales,Ambos sexos,2018T4,1631.5,8.3
Q Actividades sanitarias y de servicios sociales,Ambos sexos,2018T3,1662.2,8.5
Q Actividades sanitarias y de servicios sociales,Ambos sexos,2018T2,1594.2,8.2
Q Actividades sanitarias y de servicios sociales,Ambos sexos,2018T1,1571.3,8.3
Q Actividades sanitarias y de servicios sociales,Ambos sexos,2017T4,1572.1,8.3
Q Actividades sanitarias y de servicios sociales,Ambos sexos,2017T3,1618.4,8.5
Q Actividades sanitarias y de servicios sociales,Ambos sexos,2017T2,1547.7,8.2
Q Actividades sanitarias y de servicios sociales,Ambos sexos,2017T1,1521.4,8.3
Q Actividades sanitarias y de servicios sociales,Hombres,2019T4,409.0,3.8
Q Actividades sanitarias y de servicios sociales,Hombres,2019T3,403.9,3.7
Q Actividades sanitarias y de servicios sociales,Hombres,2019T2,387.0,3.6
Q Actividades sanitarias y de servicios sociales,Hombres,2019T1,387.8,3.7
Q Actividades sanitarias y de servicios sociales,Hombres,2018T4,380.9,3.6
Q Actividades sanitarias y de servicios sociales,Hombres,2018T3,389.7,3.7
Q Actividades sanitarias y de servicios sociales,Hombres,2018T2,361.8,3.4
Q Actividades sanitarias y de servicios sociales,Hombres,2018T1,362.5,3.5
Q Actividades sanitarias y de servicios sociales,Hombres,2017T4,350.7,3.4
Q Actividades sanitarias y de servicios sociales,Hombres,2017T3,363.0,3.5
Q Actividades sanitarias y de servicios sociales,Hombres,2017T2,335.3,3.3
Q Actividades sanitarias y de servicios sociales,Hombres,2017T1,334.6,3.3
Q Actividades sanitarias y de servicios sociales,Mujeres,2019T4,1337.1,14.6
Q Actividades sanitarias y de servicios sociales,Mujeres,2019T3,1323.5,14.6
Q Actividades sanitarias y de servicios sociales,Mujeres,2019T2,1249.4,13.8
Q Actividades sanitarias y de servicios sociales,Mujeres,2019T1,1227.3,13.8
Q Actividades sanitarias y de servicios sociales,Mujeres,2018T4,1250.6,14.0
Q Actividades sanitarias y de servicios sociales,Mujeres,2018T3,1272.4,14.4
Q Actividades sanitarias y de servicios sociales,Mujeres,2018T2,1232.3,14.0
Q Actividades sanitarias y de servicios sociales,Mujeres,2018T1,1208.8,14.1
Q Actividades sanitarias y de servicios sociales,Mujeres,2017T4,1221.4,14.1
Q Actividades sanitarias y de servicios sociales,Mujeres,2017T3,1255.4,14.5
Q Actividades sanitarias y de servicios sociales,Mujeres,2017T2,1212.3,14.2
Q Actividades sanitarias y de servicios sociales,Mujeres,2017T1,1186.8,14.1
"R Actividades artísticas, recreativas y de entretenimiento",Ambos sexos,2019T4,413.6,2.1
"R Actividades artísticas, recreativas y de entretenimiento",Ambos sexos,2019T3,420.0,2.1
"R Actividades artísticas, recreativas y de entretenimiento",Ambos sexos,2019T2,390.1,2.0
"R Actividades artísticas, recreativas y de entretenimiento",Ambos sexos,2019T1,397.0,2.0
"R Actividades artísticas, recreativas y de entretenimiento",Ambos sexos,2018T4,394.4,2.0
"R Actividades artísticas, recreativas y de entretenimiento",Ambos sexos,2018T3,404.4,2.1
"R Actividades artísticas, recreativas y de entretenimiento",Ambos sexos,2018T2,374.9,1.9
"R Actividades artísticas, recreativas y de entretenimiento",Ambos sexos,2018T1,373.6,2.0
"R Actividades artísticas, recreativas y de entretenimiento",Ambos sexos,2017T4,381.4,2.0
"R Actividades artísticas, recreativas y de entretenimiento",Ambos sexos,2017T3,408.7,2.1
"R Actividades artísticas, recreativas y de entretenimiento",Ambos sexos,2017T2,386.0,2.1
"R Actividades artísticas, recreativas y de entretenimiento",Ambos sexos,2017T1,366.5,2.0
"R Actividades artísticas, recreativas y de entretenimiento",Hombres,2019T4,247.4,2.3
"R Actividades artísticas, recreativas y de entretenimiento",Hombres,2019T3,254.3,2.3
"R Actividades artísticas, recreativas y de entretenimiento",Hombres,2019T2,238.9,2.2
"R Actividades artísticas, recreativas y de entretenimiento",Hombres,2019T1,231.3,2.2
"R Actividades artísticas, recreativas y de entretenimiento",Hombres,2018T4,229.1,2.2
"R Actividades artísticas, recreativas y de entretenimiento",Hombres,2018T3,235.3,2.2
"R Actividades artísticas, recreativas y de entretenimiento",Hombres,2018T2,221.6,2.1
"R Actividades artísticas, recreativas y de entretenimiento",Hombres,2018T1,205.5,2.0
"R Actividades artísticas, recreativas y de entretenimiento",Hombres,2017T4,211.3,2.0
"R Actividades artísticas, recreativas y de entretenimiento",Hombres,2017T3,244.4,2.3
"R Actividades artísticas, recreativas y de entretenimiento",Hombres,2017T2,228.8,2.2
"R Actividades artísticas, recreativas y de entretenimiento",Hombres,2017T1,223.1,2.2
"R Actividades artísticas, recreativas y de entretenimiento",Mujeres,2019T4,166.2,1.8
"R Actividades artísticas, recreativas y de entretenimiento",Mujeres,2019T3,165.7,1.8
"R Actividades artísticas, recreativas y de entretenimiento",Mujeres,2019T2,151.2,1.7
"R Actividades artísticas, recreativas y de entretenimiento",Mujeres,2019T1,165.7,1.9
"R Actividades artísticas, recreativas y de entretenimiento",Mujeres,2018T4,165.3,1.9
"R Actividades artísticas, recreativas y de entretenimiento",Mujeres,2018T3,169.2,1.9
"R Actividades artísticas, recreativas y de entretenimiento",Mujeres,2018T2,153.3,1.7
"R Actividades artísticas, recreativas y de entretenimiento",Mujeres,2018T1,168.1,2.0
"R Actividades artísticas, recreativas y de entretenimiento",Mujeres,2017T4,170.1,2.0
"R Actividades artísticas, recreativas y de entretenimiento",Mujeres,2017T3,164.3,1.9
"R Actividades artísticas, recreativas y de entretenimiento",Mujeres,2017T2,157.2,1.8
"R Actividades artísticas, recreativas y de entretenimiento",Mujeres,2017T1,143.4,1.7
S Otros servicios,Ambos sexos,2019T4,488.9,2.4
S Otros servicios,Ambos sexos,2019T3,490.3,2.5
S Otros servicios,Ambos sexos,2019T2,486.2,2.5
S Otros servicios,Ambos sexos,2019T1,445.7,2.3
S Otros servicios,Ambos sexos,2018T4,440.8,2.3
S Otros servicios,Ambos sexos,2018T3,458.1,2.3
S Otros servicios,Ambos sexos,2018T2,463.3,2.4
S Otros servicios,Ambos sexos,2018T1,459.0,2.4
S Otros servicios,Ambos sexos,2017T4,469.9,2.5
S Otros servicios,Ambos sexos,2017T3,459.9,2.4
S Otros servicios,Ambos sexos,2017T2,448.4,2.4
S Otros servicios,Ambos sexos,2017T1,432.6,2.3
S Otros servicios,Hombres,2019T4,163.3,1.5
S Otros servicios,Hombres,2019T3,165.1,1.5
S Otros servicios,Hombres,2019T2,155.6,1.4
S Otros servicios,Hombres,2019T1,146.7,1.4
S Otros servicios,Hombres,2018T4,153.1,1.4
S Otros servicios,Hombres,2018T3,147.4,1.4
S Otros servicios,Hombres,2018T2,151.3,1.4
S Otros servicios,Hombres,2018T1,148.3,1.4
S Otros servicios,Hombres,2017T4,160.2,1.5
S Otros servicios,Hombres,2017T3,156.3,1.5
S Otros servicios,Hombres,2017T2,152.3,1.5
S Otros servicios,Hombres,2017T1,153.4,1.5
S Otros servicios,Mujeres,2019T4,325.6,3.6
S Otros servicios,Mujeres,2019T3,325.2,3.6
S Otros servicios,Mujeres,2019T2,330.6,3.7
S Otros servicios,Mujeres,2019T1,299.0,3.4
S Otros servicios,Mujeres,2018T4,287.7,3.2
S Otros servicios,Mujeres,2018T3,310.7,3.5
S Otros servicios,Mujeres,2018T2,312.0,3.5
S Otros servicios,Mujeres,2018T1,310.7,3.6
S Otros servicios,Mujeres,2017T4,309.6,3.6
S Otros servicios,Mujeres,2017T3,303.6,3.5
S Otros servicios,Mujeres,2017T2,296.1,3.5
S Otros servicios,Mujeres,2017T1,279.2,3.3
T Actividades de los hogares como empleadores de personal doméstico actividades de los hogares como productores de bienes y servicios para uso propio,Ambos sexos,2019T4,580.5,
T Actividades de los hogares como empleadores de personal doméstico actividades de los hogares como productores de bienes y servicios para uso propio,Ambos sexos,2019T3,570.6,
T Actividades de los hogares como empleadores de personal doméstico actividades de los hogares como productores de bienes y servicios para uso propio,Ambos sexos,2019T2,601.4,
T Actividades de los hogares como empleadores de personal doméstico actividades de los hogares como productores de bienes y servicios para uso propio,Ambos sexos,2019T1,628.2,
T Actividades de los hogares como empleadores de personal doméstico actividades de los hogares como productores de bienes y servicios para uso propio,Ambos sexos,2018T4,616.9,
T Actividades de los hogares como empleadores de personal doméstico actividades de los hogares como productores de bienes y servicios para uso propio,Ambos sexos,2018T3,625.5,
T Actividades de los hogares como empleadores de personal doméstico actividades de los hogares como productores de bienes y servicios para uso propio,Ambos sexos,2018T2,635.3,
T Actividades de los hogares como empleadores de personal doméstico actividades de los hogares como productores de bienes y servicios para uso propio,Ambos sexos,2018T1,637.7,
T Actividades de los hogares como empleadores de personal doméstico actividades de los hogares como productores de bienes y servicios para uso propio,Ambos sexos,2017T4,641.7,
T Actividades de los hogares como empleadores de personal doméstico actividades de los hogares como productores de bienes y servicios para uso propio,Ambos sexos,2017T3,638.3,
T Actividades de los hogares como empleadores de personal doméstico actividades de los hogares como productores de bienes y servicios para uso propio,Ambos sexos,2017T2,617.4,
T Actividades de los hogares como empleadores de personal doméstico actividades de los hogares como productores de bienes y servicios para uso propio,Ambos sexos,2017T1,629.5,
T Actividades de los hogares como empleadores de personal doméstico actividades de los hogares como productores de bienes y servicios para uso propio,Hombres,2019T4,78.8,
T Actividades de los hogares como empleadores de personal doméstico actividades de los hogares como productores de bienes y servicios para uso propio,Hombres,2019T3,73.1,
T Actividades de los hogares como empleadores de personal doméstico actividades de los hogares como productores de bienes y servicios para uso propio,Hombres,2019T2,72.9,
T Actividades de los hogares como empleadores de personal doméstico actividades de los hogares como productores de bienes y servicios para uso propio,Hombres,2019T1,66.8,
T Actividades de los hogares como empleadores de personal doméstico actividades de los hogares como productores de bienes y servicios para uso propio,Hombres,2018T4,68.3,
T Actividades de los hogares como empleadores de personal doméstico actividades de los hogares como productores de bienes y servicios para uso propio,Hombres,2018T3,78.0,
T Actividades de los hogares como empleadores de personal doméstico actividades de los hogares como productores de bienes y servicios para uso propio,Hombres,2018T2,70.2,
T Actividades de los hogares como empleadores de personal doméstico actividades de los hogares como productores de bienes y servicios para uso propio,Hombres,2018T1,74.6,
T Actividades de los hogares como empleadores de personal doméstico actividades de los hogares como productores de bienes y servicios para uso propio,Hombres,2017T4,78.2,
T Actividades de los hogares como empleadores de personal doméstico actividades de los hogares como productores de bienes y servicios para uso propio,Hombres,2017T3,76.8,
T Actividades de los hogares como empleadores de personal doméstico actividades de los hogares como productores de bienes y servicios para uso propio,Hombres,2017T2,76.0,
T Actividades de los hogares como empleadores de personal doméstico actividades de los hogares como productores de bienes y servicios para uso propio,Hombres,2017T1,73.3,
T Actividades de los hogares como empleadores de personal doméstico actividades de los hogares como productores de bienes y servicios para uso propio,Mujeres,2019T4,501.8,
T Actividades de los hogares como empleadores de personal doméstico actividades de los hogares como productores de bienes y servicios para uso propio,Mujeres,2019T3,497.6,
T Actividades de los hogares como empleadores de personal doméstico actividades de los hogares como productores de bienes y servicios para uso propio,Mujeres,2019T2,528.5,
T Actividades de los hogares como empleadores de personal doméstico actividades de los hogares como productores de bienes y servicios para uso propio,Mujeres,2019T1,561.5,
T Actividades de los hogares como empleadores de personal doméstico actividades de los hogares como productores de bienes y servicios para uso propio,Mujeres,2018T4,548.6,
T Actividades de los hogares como empleadores de personal doméstico actividades de los hogares como productores de bienes y servicios para uso propio,Mujeres,2018T3,547.5,
T Actividades de los hogares como empleadores de personal doméstico actividades de los hogares como productores de bienes y servicios para uso propio,Mujeres,2018T2,565.0,
T Actividades de los hogares como empleadores de personal doméstico actividades de los hogares como productores de bienes y servicios para uso propio,Mujeres,2018T1,563.0,
T Actividades de los hogares como empleadores de personal doméstico actividades de los hogares como productores de bienes y servicios para uso propio,Mujeres,2017T4,563.5,
T Actividades de los hogares como empleadores de personal doméstico actividades de los hogares como productores de bienes y servicios para uso propio,Mujeres,2017T3,561.5,
T Actividades de los hogares como empleadores de personal doméstico actividades de los hogares como productores de bienes y servicios para uso propio,Mujeres,2017T2,541.3,
T Actividades de los hogares como empleadores de personal doméstico actividades de los hogares como productores de bienes y servicios para uso propio,Mujeres,2017T1,556.2,
U Actividades de organizaciones y organismos extraterritoriales,Ambos sexos,2019T4,1.9,0.0
U Actividades de organizaciones y organismos extraterritoriales,Ambos sexos,2019T3,2.0,0.0
U Actividades de organizaciones y organismos extraterritoriales,Ambos sexos,2019T2,4.5,0.0
U Actividades de organizaciones y organismos extraterritoriales,Ambos sexos,2019T1,3.8,0.0
U Actividades de organizaciones y organismos extraterritoriales,Ambos sexos,2018T4,4.0,0.0
U Actividades de organizaciones y organismos extraterritoriales,Ambos sexos,2018T3,2.5,0.0
U Actividades de organizaciones y organismos extraterritoriales,Ambos sexos,2018T2,1.9,0.0
U Actividades de organizaciones y organismos extraterritoriales,Ambos sexos,2018T1,1.8,0.0
U Actividades de organizaciones y organismos extraterritoriales,Ambos sexos,2017T4,3.9,0.0
U Actividades de organizaciones y organismos extraterritoriales,Ambos sexos,2017T3,3.2,0.0
U Actividades de organizaciones y organismos extraterritoriales,Ambos sexos,2017T2,3.3,0.0
U Actividades de organizaciones y organismos extraterritoriales,Ambos sexos,2017T1,3.4,0.0
U Actividades de organizaciones y organismos extraterritoriales,Hombres,2019T4,0.4,0.0
U Actividades de organizaciones y organismos extraterritoriales,Hombres,2019T3,0.7,0.0
U Actividades de organizaciones y organismos extraterritoriales,Hombres,2019T2,3.0,0.0
U Actividades de organizaciones y organismos extraterritoriales,Hombres,2019T1,2.2,0.0
U Actividades de organizaciones y organismos extraterritoriales,Hombres,2018T4,1.2,0.0
U Actividades de organizaciones y organismos extraterritoriales,Hombres,2018T3,1.7,0.0
U Actividades de organizaciones y organismos extraterritoriales,Hombres,2018T2,1.3,0.0
U Actividades de organizaciones y organismos extraterritoriales,Hombres,2018T1,,
U Actividades de organizaciones y organismos extraterritoriales,Hombres,2017T4,1.0,0.0
U Actividades de organizaciones y organismos extraterritoriales,Hombres,2017T3,0.3,0.0
U Actividades de organizaciones y organismos extraterritoriales,Hombres,2017T2,0.2,0.0
U Actividades de organizaciones y organismos extraterritoriales,Hombres,2017T1,0.9,0.0
U Actividades de organizaciones y organismos extraterritoriales,Mujeres,2019T4,1.5,0.0
U Actividades de organizaciones y organismos extraterritoriales,Mujeres,2019T3,1.2,0.0
U Actividades de organizaciones y organismos extraterritoriales,Mujeres,2019T2,1.5,0.0
U Actividades de organizaciones y organismos extraterritoriales,Mujeres,2019T1,1.7,0.0
U Actividades de organizaciones y organismos extraterritoriales,Mujeres,2018T4,2.8,0.0
U Actividades de organizaciones y organismos extraterritoriales,Mujeres,2018T3,0.8,0.0
U Actividades de organizaciones y organismos extraterritoriales,Mujeres,2018T2,0.6,0.0
U Actividades de organizaciones y organismos extraterritoriales,Mujeres,2018T1,1.8,0.0
U Actividades de organizaciones y organismos extraterritoriales,Mujeres,2017T4,2.9,0.0
U Actividades de organizaciones y organismos extraterritoriales,Mujeres,2017T3,2.9,0.0
U Actividades de organizaciones y organismos extraterritoriales,Mujeres,2017T2,3.1,0.0
U Actividades de organizaciones y organismos extraterritoriales,Mujeres,2017T1,2.4,0.0
